item,user,rating
7507825604,A108EEYSHGDL6O,5.0
9875961809,A1053TBGTIEQ8V,5.0
B000001ON6,A102L0RVI4LHH3,4.0
B00000J1V5,A105TOJ6LTVMBG,4.0
B00001P4ZH,A1027EV8A9PV1O,5.0
B00002EQCW,A100WO06OQR8BQ,5.0
B00002EQCW,A102EC3XGCBZ81,5.0
B00003CWFA,A108J5O7DG2WIM,5.0
B00004SABB,A10BMHSLDHDLCL,5.0
B00004SB92,A10ARISO1UMIUN,5.0
B00004TB3V,A10ARISO1UMIUN,5.0
B00004T8R2,A109KHEJL08HW9,5.0
B00004VXNF,A1087KNFOF40VD,5.0
B00004WLJ8,A1016Q5UDME15Z,5.0
B00004WLJ2,A1016Q5UDME15Z,5.0
B00004Z5KZ,A108J5O7DG2WIM,5.0
B00004Z5CP,A100WO06OQR8BQ,5.0
B00004Z5M1,A100UD67AHFODS,5.0
B00004Z62J,A105TOJ6LTVMBG,5.0
B0000511KL,A10ALOMJECNL2H,5.0
B0000510R4,A10BPU9QFBFPB2,5.0
B0000510IA,A10AFOU40FPKMQ,5.0
B0000512D3,A1016Q5UDME15Z,5.0
B0000512D3,A1016Q5UDME15Z,5.0
B0000512D3,A1016Q5UDME15Z,5.0
B00005125H,A101OAAMZYWQ3U,5.0
B00005ATMK,A108YS80LQZ0SO,5.0
B00005ATMI,A108YS80LQZ0SO,5.0
B00005LENO,A103OG69UZTK9,5.0
B00005N9D3,A102SZ9XZ1CK7Q,5.0
B00005T3EM,A107K10JTO8NSH,5.0
B00005T3X7,A100UD67AHFODS,5.0
B00005TQ08,A105OCSP35YJG9,5.0
B00006346W,A0543376H9JO8RU1OJJR,5.0
B0000631YQ,A107466OOBXHH7,5.0
B000063S4I,A108XABRHAA9E7,4.0
B0000668YX,A103HXJHUQQXAS,5.0
B0000668YX,A100WO06OQR8BQ,5.0
B0000668YX,A107K10JTO8NSH,4.0
B000067RTB,A10B6G6W3DW1EY,5.0
B000067RVB,A102EC3XGCBZ81,5.0
B000067RV3,A102EC3XGCBZ81,5.0
B000067RC4,A102SZ9XZ1CK7Q,5.0
B000067RC4,A10AKZ1VFMNCT4,1.0
B000067S60,A109KHEJL08HW9,5.0
B000067RHS,A10AARPB3N0GZM,5.0
B000067SOM,A10ARISO1UMIUN,5.0
B000067RCU,A102EC3XGCBZ81,5.0
B000069EUW,A100UD67AHFODS,5.0
B00006B81E,A1016Q5UDME15Z,5.0
B00006B81E,A0743345UFTOA4V1Z7W,4.0
B00006B81E,A1016Q5UDME15Z,5.0
B00006HSYC,A100WO06OQR8BQ,5.0
B00006HURK,A105TOJ6LTVMBG,4.0
B00006I5J7,A0743345UFTOA4V1Z7W,5.0
B00006IW1X,A1074GBGMK6136,5.0
B00006JI5H,A109XLG7SJQAIA,5.0
B00006JN3G,A101AENIWYBBS0,5.0
B00006JPRQ,A105TOJ6LTVMBG,5.0
B00006JPEA,A1053TBGTIEQ8V,5.0
B00006JPWW,A1070OT6C59GDR,5.0
B00006JQ7D,A109ZEBPQ5EXEG,5.0
B00006L7RV,A103W1P95BXW9T,5.0
B00006LUA9,A1016Q5UDME15Z,5.0
B00007AKDP,A101A5HAADYZMO,5.0
B00007FGUF,A100IX1FUK5IAW,1.0
B00007FGUF,A105TOJ6LTVMBG,5.0
B00007M1TZ,A103W1P95BXW9T,5.0
B00007M1TZ,A1016Q5UDME15Z,5.0
B00008VFCS,A10ARISO1UMIUN,5.0
B00008VF4A,A10ALOMJECNL2H,5.0
B000092TT0,A103W1P95BXW9T,5.0
B000093UPO,A10BPU9QFBFPB2,5.0
B000095SB4,A102EC3XGCBZ81,5.0
B0000990ZZ,A105TOJ6LTVMBG,4.0
B00009MVK8,A101A5HAADYZMO,5.0
B00009PGNT,A10BPU9QFBFPB2,5.0
B00009R97B,A105OCSP35YJG9,5.0
B00009R9A3,A106TZO4J5G1WQ,5.0
B00009R8VM,A101OAAMZYWQ3U,4.0
B00009RDIF,A10AFOU40FPKMQ,5.0
B0000AE6G9,A100WO06OQR8BQ,5.0
B0000AIS1V,A107CTGSINY3GJ,5.0
B0000AI0N1,A07936821FOVJO6NP4Q8,5.0
B0000AI0N1,A1016Q5UDME15Z,5.0
B0000ALPBA,A10ARISO1UMIUN,5.0
B0000AR0I4,A100UD67AHFODS,5.0
B0000AXQPA,A0743345UFTOA4V1Z7W,5.0
B0000BVYT3,A10BEX8J0MF8HE,5.0
B0000BVYT3,A102L0RVI4LHH3,5.0
B0000BVYT3,A10BNT57AVFPUG,5.0
B0000BVYT3,A100WO06OQR8BQ,5.0
B0000BZL8G,A107CTGSINY3GJ,5.0
B0000BZL83,A10063PJ5C9WQQ,5.0
B0000DBJ8A,A0220159ZRNBTRKLG08H,5.0
B0000DYV9N,A101AENIWYBBS0,5.0
B0000TU7I6,A101OAAMZYWQ3U,5.0
B0000Y5TI4,A101OAAMZYWQ3U,5.0
B00011CNXA,A108YS80LQZ0SO,5.0
B00016W6NC,A0817634JN8YPQ7L8C4V,5.0
B00016W6NC,A103L4TOHGBCXR,5.0
B00016W6NC,A103L4TOHGBCXR,5.0
B00017LSPI,A105OCSP35YJG9,5.0
B00017LSPI,A10B6G6W3DW1EY,4.0
B0001D3K8A,A100UD67AHFODS,5.0
B0001IVB1S,A1076PTK36UDX2,4.0
B0001LS35W,A1053TBGTIEQ8V,4.0
B0001LR1KU,A109KHEJL08HW9,5.0
B0001LR1KU,A10AFOU40FPKMQ,5.0
B0001LR1KU,A105TOJ6LTVMBG,5.0
B0001WE6U2,A105OCSP35YJG9,5.0
B000289E4S,A108EEYSHGDL6O,5.0
B00029MTMQ,A108GOZ37A7B75,4.0
B0002AHT0M,A102XAY1719I61,5.0
B0002BEPH6,A1099Y358WEMU3,5.0
B0002CPBWS,A100WO06OQR8BQ,5.0
B000067RVD,A102EC3XGCBZ81,5.0
B0002EXJ8Y,A108X1JFG00VOC,5.0
B0002EXF0Q,A1053TBGTIEQ8V,5.0
B0002GO77Y,A108AVZFCZ3UWD,5.0
B0002GRTZQ,A108GOZ37A7B75,5.0
B0002GX0ZE,A102YRTA0CBQ6I,5.0
B0002H0C7M,A0955928C2RRWOWZN7UC,4.0
B0002H0CQS,A105XE9Q2XWWZ3,5.0
B0002HRBSU,A1087KNFOF40VD,5.0
B0002J2MV4,A102YRTA0CBQ6I,5.0
B0002JFOKK,A10B6G6W3DW1EY,5.0
B0002JFN60,A10B6G6W3DW1EY,5.0
B0002K6RK0,A104XDJGNKWCWI,5.0
B0002K6XNQ,A102I8TQ9R7KFY,1.0
B0002JY712,A106TZO4J5G1WQ,5.0
B0002K6XNQ,A1016Q5UDME15Z,5.0
B0002K6XNQ,A107WLZKBEB93Y,5.0
B0002K6XNQ,A1048HOW441Z1L,4.0
B0002KVQBA,A103W1P95BXW9T,5.0
B0002KVQBA,A107466OOBXHH7,4.0
B0002KVQBA,A10B6G6W3DW1EY,5.0
B0002LEMWE,A100WO06OQR8BQ,4.0
B0002LHSFW,A102EC3XGCBZ81,5.0
B0002M7FCC,A100UD67AHFODS,5.0
B0002MQGRM,A1087KNFOF40VD,5.0
B0002O77T6,A108EEYSHGDL6O,5.0
B0002OZXGU,A10ARISO1UMIUN,5.0
B0002QIAP4,A10ADBH8H9P880,5.0
B0002QLDLC,A10BPU9QFBFPB2,5.0
B0002RSPE4,A07936821FOVJO6NP4Q8,5.0
B0002SQ0A4,A1053TBGTIEQ8V,5.0
B0002SQ2P2,A100UD67AHFODS,5.0
B0002UHUME,A1053TBGTIEQ8V,5.0
B0002VAQR4,A105TOJ6LTVMBG,5.0
B0002VMV2M,A101AENIWYBBS0,5.0
B0002WYJSU,A105PA6B39V8JL,5.0
B0002ZO5WC,A0955928C2RRWOWZN7UC,5.0
B0002ZPITG,A108AVZFCZ3UWD,4.0
B0002ZPSLY,A103WOAH50V4K7,5.0
B00030DEQE,A100WO06OQR8BQ,5.0
B00032Q30Q,A1053TBGTIEQ8V,4.0
B00032CIJQ,A103L4TOHGBCXR,5.0
B0003QIXBY,A100WO06OQR8BQ,4.0
B00061UHDS,A101OAAMZYWQ3U,4.0
B00062PN6I,A07936821FOVJO6NP4Q8,5.0
B00062PN6I,A1016Q5UDME15Z,5.0
B00065ANYC,A107CTGSINY3GJ,5.0
B00066HL4Q,A1016Q5UDME15Z,5.0
B00066FHEW,A101GFBK6M7TA9,5.0
B00066IO2O,A108GOZ37A7B75,5.0
B00066IJPQ,A10A6YT9AD02PD,3.0
B00066IJPQ,A1076PTK36UDX2,5.0
B00066HP7Y,A1060TU3IGU2UJ,5.0
B00067KT94,A1053TBGTIEQ8V,4.0
B00067JSM8,A0955928C2RRWOWZN7UC,4.0
B0006BB9MG,A100UD67AHFODS,5.0
B0006BB9MG,A07936821FOVJO6NP4Q8,5.0
B0006OCP0I,A1060TU3IGU2UJ,5.0
B0007L8AJA,A1087KNFOF40VD,5.0
B0007M0VXM,A107K10JTO8NSH,5.0
B0007PGADE,A1074GBGMK6136,5.0
B0007PGADE,A108YS80LQZ0SO,5.0
B0007V5X4U,A07936821FOVJO6NP4Q8,4.0
B0007WDIWI,A101GFBK6M7TA9,5.0
B0007WK8NK,A107K10JTO8NSH,4.0
B0007WTHLY,A108XABRHAA9E7,4.0
B0007X2GIO,A10ADBH8H9P880,5.0
B0007XDI54,A108XABRHAA9E7,4.0
B0007Y5HIY,A0284208PB0CNSHI1OC6,4.0
B00080B0L0,A105OCSP35YJG9,5.0
B0009JO2YC,A105XE9Q2XWWZ3,5.0
B0009JR82U,A105XE9Q2XWWZ3,5.0
B0009M1BRU,A108J5O7DG2WIM,5.0
B0009PAYY8,A105TOJ6LTVMBG,5.0
B0009PAZ0Q,A105XE9Q2XWWZ3,5.0
B0009RKL5S,A108YS80LQZ0SO,5.0
B0009SWLE6,A108GOZ37A7B75,5.0
B0009U7MV6,A10471FSILZ25C,4.0
B0009W7OJO,A105XE9Q2XWWZ3,5.0
B0009WU65I,A108YS80LQZ0SO,5.0
B0009Y7AW8,A1007NRYNXDJKL,5.0
B000A1SZ2Y,A101OAAMZYWQ3U,4.0
B000A6PPOK,A1076PTK36UDX2,5.0
B000AA2RCY,A101GFBK6M7TA9,4.0
B000AA2RCY,A104TBOWU2CH4O,4.0
B000AKX15G,A1079CQTAUIX6J,5.0
B000AV14M2,A105XE9Q2XWWZ3,5.0
B000AV14M2,A1053TBGTIEQ8V,4.0
B000B0NC2W,A1076PTK36UDX2,5.0
B000BAX50G,A105OCSP35YJG9,5.0
B000BP8AY2,A1045NW0WUEBP8,4.0
B000BQ7GW8,A107WLZKBEB93Y,4.0
B000BSKO84,A1060TU3IGU2UJ,4.0
B000BTGVUS,A10063PJ5C9WQQ,5.0
B000BVXVTA,A109ZEBPQ5EXEG,5.0
B000BYCKU8,A105OCSP35YJG9,5.0
B000CC1Q4K,A07936821FOVJO6NP4Q8,5.0
B000CH3IIW,A105XE9Q2XWWZ3,5.0
B000CRFOMK,A10BPU9QFBFPB2,5.0
B000CRFOMK,A07936821FOVJO6NP4Q8,5.0
B000CRFOMK,A10B6G6W3DW1EY,5.0
B000DT7ZJM,A105XE9Q2XWWZ3,5.0
B000E1HXL4,A100WO06OQR8BQ,4.0
B000E1S3OA,A1053TBGTIEQ8V,5.0
B000E312X2,A105OEUBD1FCR3,5.0
B000E43GOO,A108EEYSHGDL6O,5.0
B000E457DM,A1099Y358WEMU3,5.0
B000E5GGQI,A107CTGSINY3GJ,5.0
B000E891P8,A1016Q5UDME15Z,5.0
B000E8BGCE,A1053TBGTIEQ8V,5.0
B000EGNZC0,A102XAY1719I61,5.0
B000EGNZC0,A106Z0F1QPUGAX,5.0
B000EGJTL6,A100WO06OQR8BQ,5.0
B000EH6GH0,A108YS80LQZ0SO,5.0
B000EH6GKM,A105OEUBD1FCR3,5.0
B000EHYQAY,A105TOJ6LTVMBG,4.0
B000ENYXZ6,A105TOJ6LTVMBG,5.0
B000ENUCR4,A105TOJ6LTVMBG,5.0
B000EP4TWQ,A105XE9Q2XWWZ3,5.0
B000EOSHGQ,A105OCSP35YJG9,5.0
B000EPJLGK,A1060TU3IGU2UJ,4.0
B000ERAOL4,A100UD67AHFODS,5.0
B000ES8EG0,A108XABRHAA9E7,5.0
B000EZWN88,A100UD67AHFODS,5.0
B000F1SC54,A104XDJGNKWCWI,4.0
B000F28DP2,A108AVZFCZ3UWD,5.0
B000F34FVM,A10AFVU66A79Y1,5.0
B000F6MOQM,A108YS80LQZ0SO,5.0
B000F78582,A108J5O7DG2WIM,4.0
B000F9YN2M,A10BPU9QFBFPB2,5.0
B000F9YN2M,A1016Q5UDME15Z,5.0
B000FEKENO,A106TZO4J5G1WQ,5.0
B000FFQ1VM,A1053TBGTIEQ8V,4.0
B000FHAXPA,A1099Y358WEMU3,4.0
B000FJD5IA,A1060TU3IGU2UJ,5.0
B000FNFSPY,A102I8TQ9R7KFY,5.0
B000FNFSPY,A104TBOWU2CH4O,5.0
B000FNFSPY,A107XK6EES3FO7,5.0
B000067SBX,A10ALOMJECNL2H,5.0
B000GE0CO4,A1060TU3IGU2UJ,5.0
B000GFK81K,A10AFOU40FPKMQ,4.0
B000GL3MOY,A100IX1FUK5IAW,5.0
B000H02B6O,A0817634JN8YPQ7L8C4V,5.0
B000H0IDUW,A10471FSILZ25C,4.0
B000H0K8VY,A100UD67AHFODS,5.0
B000H72MMU,A1053TBGTIEQ8V,4.0
B000HDMPTO,A10BEX8J0MF8HE,5.0
B000HGHMF8,A107CTGSINY3GJ,5.0
B000HHROEQ,A108EEYSHGDL6O,5.0
B000HKGK8Y,A108XABRHAA9E7,4.0
B000HPV3RW,A104TBOWU2CH4O,5.0
B000HPV3RW,A10B6G6W3DW1EY,5.0
B000HPV3RW,A10BHKV1FOS2Y3,5.0
B000HPV3RW,A1016Q5UDME15Z,5.0
B000HPV3RW,A100WO06OQR8BQ,5.0
B000HZDF8W,A100UD67AHFODS,5.0
B000I1IG7U,A1053TBGTIEQ8V,4.0
B000I42XWQ,A10ARISO1UMIUN,4.0
B000I4RFO2,A105TOJ6LTVMBG,4.0
B000I5LACO,A10BHKV1FOS2Y3,5.0
B000I5LACO,A103KKI1Y4TFNQ,5.0
B000I5LACO,A07936821FOVJO6NP4Q8,2.0
B000I5LACO,A1016Q5UDME15Z,5.0
B000I5LACO,A100WO06OQR8BQ,5.0
B000I96AUM,A10B6G6W3DW1EY,3.0
B000I96AUM,A07936821FOVJO6NP4Q8,5.0
B000I963XQ,A1053TBGTIEQ8V,5.0
B000ID7QNI,A109KHEJL08HW9,5.0
B000ID7QNI,A1060TU3IGU2UJ,5.0
B000ID7QNI,A07936821FOVJO6NP4Q8,5.0
B000IK5XWW,A1060TU3IGU2UJ,4.0
B000IMSK8Y,A108EEYSHGDL6O,5.0
B000IV6S9S,A10ALOMJECNL2H,5.0
B000J01I1G,A104XDJGNKWCWI,5.0
B000J0VRM6,A100UD67AHFODS,5.0
B000J1H4VI,A1087KNFOF40VD,5.0
B000J38QBS,A102SVOH0JD2RP,4.0
B000JE7GPY,A10BEX8J0MF8HE,5.0
B000JJM8XE,A102SVOH0JD2RP,4.0
B000JLP5UK,A107CTGSINY3GJ,5.0
B000JLK5PU,A107CTGSINY3GJ,5.0
B000JMJWV2,A1060TU3IGU2UJ,5.0
B000JO7PIM,A105XE9Q2XWWZ3,5.0
B000JPGQ4U,A10ARISO1UMIUN,5.0
B000KKB5YK,A102EC3XGCBZ81,5.0
B000KNCB7C,A107T5GYZZ3ZRP,5.0
B000KNCB7C,A105PA6B39V8JL,4.0
B000KUQ8FG,A1076PTK36UDX2,5.0
B000LP0R3E,A100WO06OQR8BQ,5.0
B000LP0R3E,A105TOJ6LTVMBG,5.0
B000LRI2ZC,A1045NW0WUEBP8,5.0
B000LVJ9W8,A10ARISO1UMIUN,5.0
B000M2GYF6,A105XE9Q2XWWZ3,5.0
B000M2UZBK,A102I8TQ9R7KFY,1.0
B000M2UZBK,A1016Q5UDME15Z,5.0
B000M2UZBK,A107WLZKBEB93Y,5.0
B000M2UZBK,A1048HOW441Z1L,4.0
B000MQK6BK,A105TOJ6LTVMBG,4.0
B000MXWSWI,A105TOJ6LTVMBG,5.0
B000N7HT86,A100WO06OQR8BQ,5.0
B000NO5QV6,A10471FSILZ25C,5.0
B000NO5QVG,A10471FSILZ25C,5.0
B000NV0SG2,A1053TBGTIEQ8V,5.0
B000O8JZIG,A101GFBK6M7TA9,5.0
B000OBLARM,A1045NW0WUEBP8,5.0
B000OFWJO6,A106TZO4J5G1WQ,5.0
B000OG88KY,A10AARPB3N0GZM,5.0
B000P1OA1O,A1070OT6C59GDR,5.0
B000PDR230,A102EC3XGCBZ81,5.0
B000PGCBZG,A106TZO4J5G1WQ,5.0
B000PLTX9S,A104XDJGNKWCWI,4.0
B000PTFDYO,A103HXJHUQQXAS,5.0
B000Q5UMEI,A100WO06OQR8BQ,5.0
B000Q8UAWY,A100UD67AHFODS,5.0
B000Q8UAWY,A105TOJ6LTVMBG,5.0
B000QSOP0M,A100UD67AHFODS,5.0
B000QWEN5K,A105S56ODHGJEK,5.0
B000QZ001I,A107K10JTO8NSH,4.0
B000R0FG5W,A105TOJ6LTVMBG,5.0
B000R9AAJA,A10BHKV1FOS2Y3,4.0
B000RGF28C,A0743345UFTOA4V1Z7W,5.0
B000RQ9TVI,A10A6YT9AD02PD,5.0
B000RSOV50,A10B6G6W3DW1EY,4.0
B000RZQZM0,A108XABRHAA9E7,4.0
B000S5N3M4,A105PA6B39V8JL,5.0
B000SEN9U6,A105TOJ6LTVMBG,5.0
B000SLNNG4,A1076PTK36UDX2,5.0
B000SMVQK8,A10AARPB3N0GZM,5.0
B000TFIVD4,A102EC3XGCBZ81,5.0
B000TS7I6C,A108XABRHAA9E7,5.0
B000TXZIDM,A108X1JFG00VOC,5.0
B000TYL27M,A103ST6BOEEN24,4.0
B000TYL27M,A102YRTA0CBQ6I,4.0
B000U0S304,A100UD67AHFODS,5.0
B000UDBMZE,A0543376H9JO8RU1OJJR,5.0
B000UESR4C,A108YS80LQZ0SO,5.0
B000UESR4C,A108EEYSHGDL6O,5.0
B000UHE8Y2,A105S56ODHGJEK,5.0
B000UHTST2,A109KHEJL08HW9,5.0
B000ULAP4U,A104TBOWU2CH4O,5.0
B000ULAP4U,A105PA6B39V8JL,5.0
B000ULAP4U,A107CTGSINY3GJ,5.0
B000UVKE2I,A0986263H7SX62P1SRDD,5.0
B000UWYM5C,A10ALOMJECNL2H,5.0
B000V6R2OK,A109KHEJL08HW9,5.0
B000VBH2IG,A10471FSILZ25C,5.0
B000VDLA5A,A102XAY1719I61,5.0
B000VDLA5A,A0579276Y8S37XMMI539,4.0
B000VDLA5A,A103WOAH50V4K7,5.0
B000VJWJW2,A10AFVU66A79Y1,5.0
B000VM6TTI,A102I8TQ9R7KFY,5.0
B000VOU91U,A105TOJ6LTVMBG,5.0
B000VR5YA8,A107CTGSINY3GJ,5.0
B000VS4HDM,A10BNT57AVFPUG,5.0
B000VS4HDM,A1013Q9SD2KIE1,5.0
B000VXQZ9Q,A102ASNDNXLYU2,5.0
B000W3V3EM,A10AFVU66A79Y1,5.0
B000W42EI0,A102XAY1719I61,4.0
B000W8SSDG,A10AFVU66A79Y1,5.0
B000W8UIZW,A106Z0F1QPUGAX,5.0
B000WKPHHO,A108EEYSHGDL6O,4.0
B000WX7AQM,A108J5O7DG2WIM,5.0
B000WXIFS4,A105OEUBD1FCR3,5.0
B000X14R28,A109ZEBPQ5EXEG,5.0
B000X23I22,A0743345UFTOA4V1Z7W,5.0
B000X39TQ0,A102ASNDNXLYU2,5.0
B000XSDKP6,A105XE9Q2XWWZ3,5.0
B000XU43IC,A10B6G6W3DW1EY,4.0
B000Y16TY6,A101OAAMZYWQ3U,4.0
B000Y9DRP2,A10AKZ1VFMNCT4,5.0
B000YA1DS4,A10BEX8J0MF8HE,5.0
B000Z3U1P6,A106TZO4J5G1WQ,4.0
B000ZH98LU,A107D6W94H1V07,4.0
B000ZKNW82,A106Z0F1QPUGAX,4.0
B00108UNEY,A100WO06OQR8BQ,5.0
B00108UNEY,A100UD67AHFODS,5.0
B00109Y2DQ,A106TZO4J5G1WQ,5.0
B00109Y2DQ,A102SVOH0JD2RP,5.0
B0010CTM10,A101AENIWYBBS0,5.0
B0010ELVVW,A10471FSILZ25C,5.0
B0010HDY9Q,A10063PJ5C9WQQ,5.0
B0010SB8HA,A100UD67AHFODS,5.0
B0010PKVMQ,A1076PTK36UDX2,5.0
B0010Z28XG,A101A5HAADYZMO,5.0
B00110GAQQ,A103OG69UZTK9,5.0
B00113XADE,A100UD67AHFODS,5.0
B00119OFGY,A1004703RC79J9,4.0
B00119T6NQ,A1060TU3IGU2UJ,4.0
B0011MK09C,A1045NW0WUEBP8,4.0
B0011NVMO8,A10ADBH8H9P880,5.0
B0011UB9CQ,A103OG69UZTK9,5.0
B0011U65F2,A102SVOH0JD2RP,5.0
B001238FXS,A106TZO4J5G1WQ,5.0
B0012MBIJ2,A1016Q5UDME15Z,5.0
B0012OELSA,A101AENIWYBBS0,5.0
B0012Q94AI,A10471FSILZ25C,5.0
B000VBA8CS,A101GFBK6M7TA9,5.0
B0012XFDWO,A1027EV8A9PV1O,5.0
B0012Y2LLE,A10ALOMJECNL2H,5.0
B0012Z3MKW,A1076PTK36UDX2,4.0
B001342KM8,A100WO06OQR8BQ,5.0
B00137NMMW,A101OAAMZYWQ3U,4.0
B0013DCP0G,A108X1JFG00VOC,4.0
B0013DCOZC,A108X1JFG00VOC,4.0
B0013LSEKI,A109KHEJL08HW9,5.0
B0015A6YN6,A10BPU9QFBFPB2,5.0
B0015A8UK6,A1018D502E27E6,4.0
B0015ACUKC,A102SZ9XZ1CK7Q,4.0
B0015CRAZA,A10471FSILZ25C,5.0
B0015DEKP2,A10ARISO1UMIUN,5.0
B0015DNIOG,A1060TU3IGU2UJ,5.0
B0015EWMX8,A10ADBH8H9P880,4.0
B0015DYMVO,A105OCSP35YJG9,5.0
B0015DYMVO,A107K10JTO8NSH,5.0
B0015HS1HQ,A1027EV8A9PV1O,5.0
B0015M22C6,A101A5HAADYZMO,5.0
B0015LTBG2,A107CTGSINY3GJ,5.0
B0015M22C6,A102SVOH0JD2RP,4.0
B0016D3H1O,A105OCSP35YJG9,5.0
B0016IGN2Y,A109ZEBPQ5EXEG,5.0
B0016N3GVA,A106TZO4J5G1WQ,4.0
B0016OEV7C,A105TOJ6LTVMBG,4.0
B0016ORQDI,A107WMIXVFLZLZ,5.0
B00176NOCM,A100UD67AHFODS,5.0
B0017G9C9Q,A108AVZFCZ3UWD,5.0
B0017JY5F4,A10B6G6W3DW1EY,5.0
B0017JY5F4,A10BEX8J0MF8HE,5.0
B000VJWJW2,A10AFVU66A79Y1,5.0
B000VM6TTI,A102I8TQ9R7KFY,5.0
B000VOU91U,A105TOJ6LTVMBG,5.0
B000VR5YA8,A107CTGSINY3GJ,5.0
B000VS4HDM,A10BNT57AVFPUG,5.0
B000VS4HDM,A1013Q9SD2KIE1,5.0
B000VXQZ9Q,A102ASNDNXLYU2,5.0
B000W3V3EM,A10AFVU66A79Y1,5.0
B000W42EI0,A102XAY1719I61,4.0
B000W8SSDG,A10AFVU66A79Y1,5.0
B000W8UIZW,A106Z0F1QPUGAX,5.0
B000WKPHHO,A108EEYSHGDL6O,4.0
B000WX7AQM,A108J5O7DG2WIM,5.0
B000WXIFS4,A105OEUBD1FCR3,5.0
B000X14R28,A109ZEBPQ5EXEG,5.0
B000X23I22,A0743345UFTOA4V1Z7W,5.0
B000X39TQ0,A102ASNDNXLYU2,5.0
B000XSDKP6,A105XE9Q2XWWZ3,5.0
B000XU43IC,A10B6G6W3DW1EY,4.0
B000Y16TY6,A101OAAMZYWQ3U,4.0
B000Y9DRP2,A10AKZ1VFMNCT4,5.0
B000YA1DS4,A10BEX8J0MF8HE,5.0
B000Z3U1P6,A106TZO4J5G1WQ,4.0
B000ZH98LU,A107D6W94H1V07,4.0
B000ZKNW82,A106Z0F1QPUGAX,4.0
B00108UNEY,A100WO06OQR8BQ,5.0
B00108UNEY,A100UD67AHFODS,5.0
B00109Y2DQ,A106TZO4J5G1WQ,5.0
B00109Y2DQ,A102SVOH0JD2RP,5.0
B0010CTM10,A101AENIWYBBS0,5.0
B0010ELVVW,A10471FSILZ25C,5.0
B0010HDY9Q,A10063PJ5C9WQQ,5.0
B0010SB8HA,A100UD67AHFODS,5.0
B0010PKVMQ,A1076PTK36UDX2,5.0
B0010Z28XG,A101A5HAADYZMO,5.0
B00110GAQQ,A103OG69UZTK9,5.0
B00113XADE,A100UD67AHFODS,5.0
B00119OFGY,A1004703RC79J9,4.0
B00119T6NQ,A1060TU3IGU2UJ,4.0
B0011MK09C,A1045NW0WUEBP8,4.0
B0011NVMO8,A10ADBH8H9P880,5.0
B0011UB9CQ,A103OG69UZTK9,5.0
B0011U65F2,A102SVOH0JD2RP,5.0
B001238FXS,A106TZO4J5G1WQ,5.0
B0012MBIJ2,A1016Q5UDME15Z,5.0
B0012OELSA,A101AENIWYBBS0,5.0
B0012Q94AI,A10471FSILZ25C,5.0
B000VBA8CS,A101GFBK6M7TA9,5.0
B0012XFDWO,A1027EV8A9PV1O,5.0
B0012Y2LLE,A10ALOMJECNL2H,5.0
B0012Z3MKW,A1076PTK36UDX2,4.0
B001342KM8,A100WO06OQR8BQ,5.0
B00137NMMW,A101OAAMZYWQ3U,4.0
B0013DCP0G,A108X1JFG00VOC,4.0
B0013DCOZC,A108X1JFG00VOC,4.0
B0013LSEKI,A109KHEJL08HW9,5.0
B0015A6YN6,A10BPU9QFBFPB2,5.0
B0015A8UK6,A1018D502E27E6,4.0
B0015ACUKC,A102SZ9XZ1CK7Q,4.0
B0015CRAZA,A10471FSILZ25C,5.0
B0015DEKP2,A10ARISO1UMIUN,5.0
B0015DNIOG,A1060TU3IGU2UJ,5.0
B0015EWMX8,A10ADBH8H9P880,4.0
B0015DYMVO,A105OCSP35YJG9,5.0
B0015DYMVO,A107K10JTO8NSH,5.0
B0015HS1HQ,A1027EV8A9PV1O,5.0
B0015M22C6,A101A5HAADYZMO,5.0
B0015LTBG2,A107CTGSINY3GJ,5.0
B0015M22C6,A102SVOH0JD2RP,4.0
B0016D3H1O,A105OCSP35YJG9,5.0
B0016IGN2Y,A109ZEBPQ5EXEG,5.0
B0016N3GVA,A106TZO4J5G1WQ,4.0
B0016OEV7C,A105TOJ6LTVMBG,4.0
B0016ORQDI,A107WMIXVFLZLZ,5.0
B00176NOCM,A100UD67AHFODS,5.0
B0017G9C9Q,A108AVZFCZ3UWD,5.0
B0017JY5F4,A10B6G6W3DW1EY,5.0
B0017JY5F4,A10BEX8J0MF8HE,5.0
B00182CIB8,A105TOJ6LTVMBG,5.0
B0018DQYQ2,A103L4TOHGBCXR,5.0
B0018DQYQ2,A1053TBGTIEQ8V,5.0
B0018MEBNG,A10471FSILZ25C,4.0
B0018QNYMG,A106Z0F1QPUGAX,5.0
B0018QNYSK,A103W1P95BXW9T,5.0
B0018QPSDY,A103W1P95BXW9T,5.0
B0018QROCC,A103W1P95BXW9T,5.0
B00191WVF6,A0955928C2RRWOWZN7UC,4.0
B001954DPI,A102YRTA0CBQ6I,4.0
B0019804U8,A106TZO4J5G1WQ,5.0
B0019804U8,A10AFOU40FPKMQ,5.0
B0019804U8,A100WO06OQR8BQ,3.0
B0019EHU8G,A109ZEBPQ5EXEG,5.0
B0019HL8Q8,A109ZEBPQ5EXEG,5.0
B0019EHU8G,A105TOJ6LTVMBG,5.0
B0019EHU8G,A105TOJ6LTVMBG,5.0
B0019HL8Q8,A105TOJ6LTVMBG,5.0
B0019HL8Q8,A105TOJ6LTVMBG,5.0
B0019X20R8,A109KHEJL08HW9,5.0
B0019X20R8,A1053TBGTIEQ8V,4.0
B001A1NM2G,A108XABRHAA9E7,5.0
B001AJHQD4,A109ZEBPQ5EXEG,5.0
B001AMSPYU,A1076PTK36UDX2,5.0
B001AMOTAY,A101UQFQCCDI3L,5.0
B001AO2T18,A1099Y358WEMU3,5.0
B001AO4MWW,A108X1JFG00VOC,5.0
B001AQYJI2,A101AENIWYBBS0,5.0
B001AZRHI2,A1045NW0WUEBP8,5.0
B001AZP8EW,A102L0RVI4LHH3,5.0
B001B5CVNC,A100WO06OQR8BQ,5.0
B001B8QUS6,A10BHKV1FOS2Y3,4.0
B001B95BT4,A10BPU9QFBFPB2,5.0
B001BEV0NU,A101AENIWYBBS0,5.0
B001BP1YEE,A105OCSP35YJG9,5.0
B001BXS4LW,A108YS80LQZ0SO,5.0
B001BYB5ZS,A107CTGSINY3GJ,5.0
B001CCLBSA,A108X1JFG00VOC,5.0
B001CCNDK4,A108X1JFG00VOC,5.0
B001CF60R4,A100WO06OQR8BQ,5.0
B001CQT0X4,A0986263H7SX62P1SRDD,5.0
B001CQT0X4,A1053TBGTIEQ8V,5.0
B001CYZC38,A10ALOMJECNL2H,4.0
B001D1UTC4,A10BNT57AVFPUG,5.0
B001D7REJ4,A1076PTK36UDX2,5.0
B001DABH8A,A105OEUBD1FCR3,5.0
B001DEYVXO,A1074GBGMK6136,5.0
B001DEYVXO,A10AFVU66A79Y1,4.0
B001DK1ZVO,A0289048PRWFY7ZXQKCD,5.0
B001DL8OV2,A1048HOW441Z1L,4.0
B001DO2XWA,A10AKZ1VFMNCT4,5.0
B001E2T6Y4,A108EEYSHGDL6O,4.0
B001EHNG36,A10ALOMJECNL2H,5.0
B001EPVOQY,A109ZEBPQ5EXEG,5.0
B001EQ4C8U,A10ADBH8H9P880,5.0
B001EYBA9G,A103HXJHUQQXAS,5.0
B001EYU3LM,A07936821FOVJO6NP4Q8,5.0
B001EYV690,A101GFBK6M7TA9,5.0
B001F23K0O,A102I8TQ9R7KFY,5.0
B001F7HJL0,A1076PTK36UDX2,5.0
B001FA0B2Q,A103ST6BOEEN24,4.0
B001FA0BIU,A1060TU3IGU2UJ,5.0
B001FA1NZU,A107CTGSINY3GJ,5.0
B001FB576U,A107CTGSINY3GJ,5.0
B001FWYXDW,A102SVOH0JD2RP,5.0
B001G2RAMW,A103OG69UZTK9,5.0
B001G402N4,A103OG69UZTK9,5.0
B001G41YD6,A103OG69UZTK9,5.0
B001G46ZX0,A103OG69UZTK9,5.0
B001G4QXLE,A103ST6BOEEN24,4.0
B001GBDDJM,A106TZO4J5G1WQ,5.0
B001GGL7Z4,A10BHKV1FOS2Y3,4.0
B001H1VB18,A108J5O7DG2WIM,5.0
B001HBP9ZC,A10AARPB3N0GZM,4.0
B001HL0G2I,A102SVOH0JD2RP,5.0
B001IBFSJ8,A107K10JTO8NSH,4.0
B001IOPIRM,A1053TBGTIEQ8V,4.0
B001IYCUM8,A105PA6B39V8JL,5.0
B001J8BPYM,A105TOJ6LTVMBG,4.0
B001JIBOLQ,A10AFVU66A79Y1,5.0
B001JJR3B0,A108AVZFCZ3UWD,5.0
B001JT0CGI,A1087KNFOF40VD,5.0
B001K38Z2G,A10A6YT9AD02PD,5.0
B001KB6Z2U,A103KKI1Y4TFNQ,5.0
B001KB6Z2U,A105TOJ6LTVMBG,5.0
B001L1H0SC,A102YRTA0CBQ6I,4.0
B001L4RLHY,A102SVOH0JD2RP,5.0
B001LIHGFC,A1004703RC79J9,4.0
B001LYUG3A,A1060TU3IGU2UJ,4.0
B001M5092G,A105TOJ6LTVMBG,4.0
B001MS2RYG,A0817634JN8YPQ7L8C4V,5.0
B001MSS6CS,A103WOAH50V4K7,5.0
B001MX5YWI,A105TOJ6LTVMBG,5.0
B001N89O8C,A1045NW0WUEBP8,5.0
B001N9X4CS,A10AFOU40FPKMQ,5.0
B001NEK2GE,A105S56ODHGJEK,4.0
B001NJNPZE,A1087KNFOF40VD,4.0
B001NLV4TQ,A100WO06OQR8BQ,5.0
B001NLYVIM,A10471FSILZ25C,4.0
B001NOG2T0,A1074GBGMK6136,5.0
B001NS0OZ4,A108EEYSHGDL6O,5.0
B001O4EPHA,A0284208PB0CNSHI1OC6,4.0
B001O81FNS,A1070OT6C59GDR,5.0
B001OI2Z2I,A108X1JFG00VOC,5.0
B001OORMVQ,A104XDJGNKWCWI,4.0
B001P5HL42,A10AKZ1VFMNCT4,5.0
B001PIBE8I,A102EC3XGCBZ81,4.0
B001PKAG30,A105S56ODHGJEK,4.0
B001PO6JD2,A108J5O7DG2WIM,5.0
B001PO6JC8,A108J5O7DG2WIM,4.0
B001QK9I0Q,A102SVOH0JD2RP,5.0
B001QKI2DA,A103ST6BOEEN24,5.0
B001QTXL82,A1076PTK36UDX2,5.0
B001QUA6R0,A10BNT57AVFPUG,5.0
B001QUA6R0,A100WO06OQR8BQ,5.0
B001QUA6RA,A1016Q5UDME15Z,5.0
B001QWW1IK,A102ASNDNXLYU2,4.0
B001RB2L44,A10BEX8J0MF8HE,5.0
B001RIMZUW,A10A6YT9AD02PD,5.0
B001RPEJA4,A103L4TOHGBCXR,5.0
B001S2R8VS,A1060TU3IGU2UJ,5.0
B001S2RCXW,A107CTGSINY3GJ,5.0
B001S3X6K4,A100WO06OQR8BQ,5.0
B001SJVU24,A10AFOU40FPKMQ,5.0
B001T75RGU,A10BPU9QFBFPB2,5.0
B001T6K7G6,A1053TBGTIEQ8V,4.0
B001T9CTRS,A0543376H9JO8RU1OJJR,5.0
B001T9CTRS,A102YRTA0CBQ6I,4.0
B001TCHOPC,A108X1JFG00VOC,4.0
B001TH7GUA,A0220159ZRNBTRKLG08H,5.0
B001TH7GT6,A102YRTA0CBQ6I,4.0
B001TH7GSW,A108GOZ37A7B75,5.0
B001TH7GUU,A100UD67AHFODS,5.0
B001TH7GSW,A102YRTA0CBQ6I,4.0
B001TH7GUU,A1048HOW441Z1L,5.0
B001TH7GUU,A10ALOMJECNL2H,5.0
B001TKYMTA,A107WMIXVFLZLZ,5.0
B001TOD7MY,A108YS80LQZ0SO,5.0
B001TR9FMC,A108YS80LQZ0SO,5.0
B001UFYFYG,A107CTGSINY3GJ,5.0
B001UI2FPE,A102YRTA0CBQ6I,5.0
B001UNM414,A105TOJ6LTVMBG,5.0
B001VBU0NY,A105TOJ6LTVMBG,5.0
B001VDLZIG,A107T5GYZZ3ZRP,5.0
B001VEJEGK,A10AFVU66A79Y1,4.0
B001VL2XK2,A103WOAH50V4K7,5.0
B001W28L2Y,A102I8TQ9R7KFY,5.0
B001W26TIW,A100UD67AHFODS,5.0
B001XURPR2,A10ADBH8H9P880,5.0
B001XURP8Q,A1049V38EMQL3B,5.0
B001YI0V7O,A1016Q5UDME15Z,5.0
B001YI0V7O,A1016Q5UDME15Z,5.0
B00213KKV8,A10B6G6W3DW1EY,5.0
B0021L9C0K,A109XLG7SJQAIA,5.0
B00224ZDFY,A10ALOMJECNL2H,5.0
B00224ZDFY,A105PA6B39V8JL,4.0
B0023B14TU,A10AFVU66A79Y1,5.0
B0023RRPDI,A108J5O7DG2WIM,5.0
B0023WU6OI,A109KHEJL08HW9,5.0
B0025ZH43O,A103KKI1Y4TFNQ,5.0
B00261HV2Q,A10BNT57AVFPUG,5.0
B00263D7A4,A10A6YT9AD02PD,5.0
B00261HV2Q,A10ALOMJECNL2H,5.0
B002669XKY,A100WO06OQR8BQ,5.0
B00267TWWM,A108AVZFCZ3UWD,5.0
B0026S0QYE,A0986263H7SX62P1SRDD,5.0
B0026ZPFCK,A1087KNFOF40VD,5.0
B00272MT3U,A100WO06OQR8BQ,5.0
B0027D3LNG,A109ZEBPQ5EXEG,5.0
B0027R6N8M,A1099Y358WEMU3,5.0
B0027VT6P0,A100WO06OQR8BQ,5.0
B0027VT6V4,A1074GBGMK6136,5.0
B00291DM9O,A107T5GYZZ3ZRP,5.0
B0029N3U8K,A0543376H9JO8RU1OJJR,5.0
B0029U2YSA,A108J5O7DG2WIM,5.0
B0029ZDRSQ,A100UD67AHFODS,5.0
B002A6CWCQ,A107K10JTO8NSH,4.0
B002A6H72Q,A107XK6EES3FO7,5.0
B002AEU3EW,A105S56ODHGJEK,5.0
B002AR5XIK,A0543376H9JO8RU1OJJR,5.0
B002B3YCQM,A107D6W94H1V07,3.0
B002B3YCQM,A1016Q5UDME15Z,5.0
B002B3YCQM,A1027EV8A9PV1O,1.0
B002BH3Z8E,A102I8TQ9R7KFY,5.0
B002C0SKBW,A1087KNFOF40VD,5.0
B002CAVRUI,A107D6W94H1V07,5.0
B002CAVRUI,A105PA6B39V8JL,3.0
B002CT19IY,A10ALOMJECNL2H,5.0
B002D2H9W0,A0284208PB0CNSHI1OC6,5.0
B002D2H9W0,A10B6G6W3DW1EY,3.0
B002DW0VT8,A1053TBGTIEQ8V,5.0
B002DW92IE,A103WOAH50V4K7,5.0
B002DW92IE,A0543376H9JO8RU1OJJR,5.0
B002DYIZ2Q,A0284208PB0CNSHI1OC6,5.0
B002E0KWL6,A104TBOWU2CH4O,5.0
B002FB7IWU,A1004703RC79J9,4.0
B002FL5084,A10AFVU66A79Y1,4.0
B002GU5XKO,A10AARPB3N0GZM,5.0
B002HAJQGA,A102I8TQ9R7KFY,5.0
B002HAJQGA,A0289048PRWFY7ZXQKCD,4.0
B002HAJQGA,A10B6G6W3DW1EY,5.0
B002HH0W5W,A10BNT57AVFPUG,5.0
B002HWRJBM,A102I8TQ9R7KFY,5.0
B002IFPY2O,A102SVOH0JD2RP,5.0
B002IKKFIC,A100WO06OQR8BQ,5.0
B002IVVD8C,A109XLG7SJQAIA,5.0
B002LVUIXA,A10ADBH8H9P880,4.0
B002LZMY10,A1076PTK36UDX2,5.0
B002NU5S02,A100UD67AHFODS,4.0
B002O0K9I2,A108XABRHAA9E7,4.0
B002OEBIHY,A100WO06OQR8BQ,5.0
B002PHRDP6,A10063PJ5C9WQQ,5.0
B002POHFQG,A105TOJ6LTVMBG,5.0
B002PXFJ2O,A10AARPB3N0GZM,4.0
B002QUZM0U,A1004703RC79J9,5.0
B002R0DZXU,A1016KUT34PNBP,5.0
B002R9RBO0,A101GFBK6M7TA9,5.0
B002R9RBO0,A107XK6EES3FO7,5.0
B002R9RBO0,A10A6YT9AD02PD,5.0
B002RCTNKW,A1016KUT34PNBP,5.0
B002RCNX8K,A10BPU9QFBFPB2,5.0
B002RMPHMU,A107466OOBXHH7,5.0
B002SOU2Y0,A10063PJ5C9WQQ,4.0
B002SRQ214,A109XLG7SJQAIA,4.0
B002SWIOOM,A107CTGSINY3GJ,5.0
B002T4D3L8,A106Z0F1QPUGAX,5.0
B002TF0ZDQ,A0220159ZRNBTRKLG08H,5.0
B002TLTE6Y,A105S56ODHGJEK,4.0
B002TLTGM6,A0220159ZRNBTRKLG08H,5.0
B002TNRTSC,A108YS80LQZ0SO,5.0
B002VPE1Q6,A1079CQTAUIX6J,5.0
B002VPE1Q6,A101UQFQCCDI3L,5.0
B002W342K2,A10BMHSLDHDLCL,5.0
B002W4RPD2,A10ADBH8H9P880,5.0
B002WP2QGM,A10B6G6W3DW1EY,1.0
B002WP2QGM,A101UQFQCCDI3L,5.0
B002XG8ZEW,A1048HOW441Z1L,4.0
B002XPE10U,A108EEYSHGDL6O,5.0
B0030ER9R0,A0220159ZRNBTRKLG08H,5.0
B00317GMVA,A102ASNDNXLYU2,5.0
B0031AQ302,A103HXJHUQQXAS,5.0
B0031CPCXO,A10471FSILZ25C,4.0
B0032FOKRE,A1099Y358WEMU3,4.0
B0032JAG4G,A107WLZKBEB93Y,4.0
B0032UUGF4,A0579276Y8S37XMMI539,4.0
B0033WSDYC,A100UD67AHFODS,4.0
B00348K5XW,A1053TBGTIEQ8V,5.0
B00365E1FG,A105TOJ6LTVMBG,5.0
B0036NMQ7S,A103ST6BOEEN24,4.0
B0036R9XRU,A109ZEBPQ5EXEG,5.0
B0036WTDHK,A108GOZ37A7B75,5.0
B0036WTDHK,A10B6G6W3DW1EY,3.0
B0037TENMC,A10B6G6W3DW1EY,4.0
B00383PB0U,A10AFOU40FPKMQ,5.0
B00384D67O,A108EEYSHGDL6O,4.0
B0038EKRYY,A10BEX8J0MF8HE,5.0
B0038KTBRW,A10AFVU66A79Y1,5.0
B0038KTBRW,A100UD67AHFODS,4.0
B0038N7MSO,A102SVOH0JD2RP,4.0
B0039825TE,A108YS80LQZ0SO,5.0
B0039825LW,A10ALOMJECNL2H,5.0
B003AG79GO,A108GOZ37A7B75,5.0
B003AIL2HE,A103ST6BOEEN24,5.0
B003B3P2CO,A10AFVU66A79Y1,4.0
B003B48UQ8,A10AFVU66A79Y1,5.0
B003B8T59U,A105S56ODHGJEK,5.0
B003BE2654,A1053TBGTIEQ8V,5.0
B003BLTEZM,A10AFOU40FPKMQ,5.0
B003BQ1D4C,A105OCSP35YJG9,5.0
B003CFATSS,A1053TBGTIEQ8V,5.0
B003CH8NZ2,A101GFBK6M7TA9,5.0
B003D8KV0K,A103HXJHUQQXAS,5.0
B003DOG6IK,A108YS80LQZ0SO,5.0
B003DSEJWQ,A1070OT6C59GDR,5.0
B003EEMDMC,A1027EV8A9PV1O,5.0
B003EHA5G0,A107XK6EES3FO7,5.0
B003FHQ3RO,A10471FSILZ25C,4.0
B003FMUP2I,A105S56ODHGJEK,4.0
B003FVJYF8,A107XK6EES3FO7,5.0
B003GRHI4K,A10063PJ5C9WQQ,5.0
B003IVZVDO,A103HXJHUQQXAS,5.0
B003J5JB12,A10BNT57AVFPUG,5.0
B003JNEVRI,A10ALOMJECNL2H,5.0
B003JOCR14,A102SVOH0JD2RP,4.0
B003KW5186,A10BNT57AVFPUG,5.0
B003L16ZYU,A107D6W94H1V07,5.0
B003L1ZYYW,A10BPU9QFBFPB2,5.0
B003L1ZYYW,A0220159ZRNBTRKLG08H,5.0
B003L1ZYYW,A10B6G6W3DW1EY,5.0
B003LPTAYI,A100WO06OQR8BQ,5.0
B003M0NT1M,A1048HOW441Z1L,5.0
B003M0NT1M,A108XABRHAA9E7,5.0
B003M2YT96,A105OCSP35YJG9,5.0
B003M75D7I,A0284208PB0CNSHI1OC6,4.0
B003MTTJOY,A102I8TQ9R7KFY,4.0
B003MTTJOY,A10B6G6W3DW1EY,3.0
B003MTTJOY,A100WO06OQR8BQ,5.0
B003O2KEPC,A1013Q9SD2KIE1,5.0
B003OU51LG,A107WMIXVFLZLZ,5.0
B003Q9RERY,A104TBOWU2CH4O,4.0
B003RCEAB8,A100IX1FUK5IAW,5.0
B003SW13WQ,A0543376H9JO8RU1OJJR,5.0
B003SVSJ1K,A109XLG7SJQAIA,4.0
B003UCGDSS,A103ST6BOEEN24,4.0
B003UI62AG,A100IX1FUK5IAW,5.0
B003UKKHB4,A105S56ODHGJEK,4.0
B003UVVGHW,A107WLZKBEB93Y,5.0
B003UWO966,A10BHKV1FOS2Y3,5.0
B003V0Q7VW,A107CTGSINY3GJ,5.0
B003VIWK0G,A101OAAMZYWQ3U,5.0
B003VKVXF2,A1016Q5UDME15Z,5.0
B003VX3S3Y,A104XDJGNKWCWI,5.0
B003WM2N94,A10B6G6W3DW1EY,4.0
B003WUXMVY,A108GOZ37A7B75,4.0
B003XKS826,A106Z0F1QPUGAX,5.0
B003XN24GY,A10B6G6W3DW1EY,4.0
B003XN24GY,A1013Q9SD2KIE1,5.0
B003XN24GY,A108GOZ37A7B75,5.0
B003Y2KC7W,A103HXJHUQQXAS,5.0
B003Y35VMM,A10063PJ5C9WQQ,5.0
B003Y3BJ7S,A1076PTK36UDX2,5.0
B003Y3BJ7S,A10AFOU40FPKMQ,5.0
B003ZSHKIY,A1048HOW441Z1L,4.0
B003ZSHKIO,A107CTGSINY3GJ,5.0
B003ZSHNCC,A107K10JTO8NSH,4.0
B003ZWZP9G,A1016Q5UDME15Z,5.0
B0041Q38QM,A1016Q5UDME15Z,5.0
B00427TAIK,A105OEUBD1FCR3,5.0
B0042H3PIQ,A107K10JTO8NSH,5.0
B0042SXZFS,A1045NW0WUEBP8,4.0
B0042X9L6A,A105OCSP35YJG9,5.0
B00434OWDA,A100WO06OQR8BQ,5.0
B00439DUNI,A109XLG7SJQAIA,5.0
B0043PIZYG,A07936821FOVJO6NP4Q8,4.0
B0043T8NYY,A109KHEJL08HW9,5.0
B0043T7FXE,A107D6W94H1V07,5.0
B0043WJRRS,A1079CQTAUIX6J,3.0
B0043WJRRS,A107WMIXVFLZLZ,5.0
B004444O46,A105OCSP35YJG9,5.0
B0044GK9YI,A105OEUBD1FCR3,5.0
B0044TNPJQ,A107CTGSINY3GJ,5.0
B00452V1ZW,A10AFVU66A79Y1,4.0
B00452V27Y,A100WO06OQR8BQ,5.0
B0045EPIG8,A100UD67AHFODS,5.0
B0045XV2CI,A105S56ODHGJEK,4.0
B0046A9RA4,A105S56ODHGJEK,5.0
B0046BGUWG,A104STAOD80HVD,5.0
B0046SUPQQ,A100WO06OQR8BQ,5.0
B0046XUMDW,A108GOZ37A7B75,4.0
B00485CYRK,A103KKI1Y4TFNQ,5.0
B004861K1A,A108J5O7DG2WIM,4.0
B00488G6P8,A10BHKV1FOS2Y3,5.0
B0049MPQA4,A102XAY1719I61,5.0
B0049PQTLQ,A1087KNFOF40VD,5.0
B0049SCB2Y,A1053TBGTIEQ8V,5.0
B004A933QA,A107CTGSINY3GJ,5.0
B004AB70US,A0743345UFTOA4V1Z7W,5.0
B004AGXHNC,A1016KUT34PNBP,5.0
B004AH10K8,A105OCSP35YJG9,5.0
B004AT03YK,A0579276Y8S37XMMI539,5.0
B004AT03YK,A10ALOMJECNL2H,5.0
B004ASW73G,A102YRTA0CBQ6I,4.0
B004B0H5GC,A10B6G6W3DW1EY,3.0
B004AZ38Z0,A1074GBGMK6136,5.0
B004B0H5GC,A105TOJ6LTVMBG,4.0
B004BADW6Y,A104TBOWU2CH4O,5.0
B004BBD1QE,A10063PJ5C9WQQ,4.0
B004BUVAS6,A103WOAH50V4K7,5.0
B004BVALYY,A1074GBGMK6136,5.0
B004C87WQ6,A100IX1FUK5IAW,5.0
B004C9XIJA,A10AFVU66A79Y1,5.0
B004CAJUCI,A104STAOD80HVD,4.0
B004CAJUCI,A103W1P95BXW9T,5.0
B004CJ8DNG,A105OCSP35YJG9,5.0
B004CJ8DNG,A108EEYSHGDL6O,4.0
B004CLYM2U,A108AVZFCZ3UWD,5.0
B004CQMXDA,A100UD67AHFODS,5.0
B004CRSLGC,A103L4TOHGBCXR,5.0
B004CRSM4I,A1013Q9SD2KIE1,5.0
B004D06XJ0,A0986263H7SX62P1SRDD,5.0
B004D0F70Q,A106TZO4J5G1WQ,4.0
B004DEKH84,A104STAOD80HVD,5.0
B004DY8LPU,A108EEYSHGDL6O,5.0
B004EBX5GW,A107466OOBXHH7,5.0
B004FHO5Y6,A10BHKV1FOS2Y3,4.0
B004FL9JMU,A10BNT57AVFPUG,5.0
B004FPS6PM,A100WO06OQR8BQ,5.0
B004G60AD6,A10BHKV1FOS2Y3,5.0
B004G603E2,A102I8TQ9R7KFY,4.0
B004G605Q8,A103L4TOHGBCXR,5.0
B004GTLWR6,A10BMHSLDHDLCL,5.0
B004HD3G6Q,A107CTGSINY3GJ,5.0
B004HYG9XM,A102EC3XGCBZ81,4.0
B004I20SQM,A102YRTA0CBQ6I,5.0
B004I2EKBQ,A1007NRYNXDJKL,5.0
B004I2JR9G,A108YS80LQZ0SO,5.0
B004I5F3X2,A1070OT6C59GDR,5.0
B004I5BUSO,A100WO06OQR8BQ,5.0
B004I5BUSO,A109XLG7SJQAIA,4.0
B004I5BUSO,A100UD67AHFODS,5.0
B004I6OCRO,A10471FSILZ25C,4.0
B004I6OCRO,A1076PTK36UDX2,5.0
B004JZI78O,A1070OT6C59GDR,5.0
B004K45O12,A103HXJHUQQXAS,5.0
B004L9M0AO,A0220159ZRNBTRKLG08H,3.0
B004L9M0AO,A108J5O7DG2WIM,4.0
B004LEAYXY,A101AENIWYBBS0,5.0
B004LNFJCQ,A1099Y358WEMU3,4.0
B004M8SSW8,A104TBOWU2CH4O,4.0
B004MF2ZG6,A1099Y358WEMU3,4.0
B004MYFOE2,A108GOZ37A7B75,5.0
B004N866SA,A10ARISO1UMIUN,5.0
B004O0PAB6,A105XE9Q2XWWZ3,5.0
B004OVECU0,A10B6G6W3DW1EY,5.0
B004OVECU0,A109XLG7SJQAIA,5.0
B004P8AF30,A100WO06OQR8BQ,5.0
B004PR6DAA,A105OCSP35YJG9,5.0
B004Q9T78C,A108YS80LQZ0SO,5.0
B004QK7HI8,A103ST6BOEEN24,4.0
B004RAU3OC,A10063PJ5C9WQQ,5.0
B004RORMF6,A105XE9Q2XWWZ3,5.0
B004RZUS6K,A105OEUBD1FCR3,4.0
B004SBBD1C,A102SZ9XZ1CK7Q,5.0
B004SMQD1G,A105S56ODHGJEK,4.0
B004SUO3VK,A100WO06OQR8BQ,5.0
B004SY5O5K,A105OCSP35YJG9,5.0
B004U1Y3J4,A105TOJ6LTVMBG,5.0
B004UDOF0O,A105TOJ6LTVMBG,4.0
B004UGMW4W,A1079CQTAUIX6J,4.0
B004V3KCIM,A100UD67AHFODS,5.0
B004VEJYEO,A1027EV8A9PV1O,5.0
B004VEOP2U,A109KHEJL08HW9,4.0
B004VM4DU6,A1053TBGTIEQ8V,5.0
B004VM1T5S,A108AVZFCZ3UWD,5.0
B004VMM718,A100UD67AHFODS,5.0
B004VSA7GO,A1053TBGTIEQ8V,5.0
B004W2JL2A,A105TOJ6LTVMBG,5.0
B004W2JL2A,A10A6YT9AD02PD,4.0
B004W2JL2A,A100IX1FUK5IAW,5.0
B004WKWZMU,A07936821FOVJO6NP4Q8,5.0
B004WY7VQQ,A103OG69UZTK9,5.0
B004X19B02,A108GOZ37A7B75,5.0
B004XIBCLQ,A100IX1FUK5IAW,5.0
B004XT6HKQ,A105TOJ6LTVMBG,4.0
B004XXMUCQ,A100IX1FUK5IAW,5.0
B004XXMUCQ,A1016Q5UDME15Z,5.0
B004XXMUCQ,A10A6YT9AD02PD,5.0
B004YDUZ22,A102UDLRKSYSK8,5.0
B004YHVNWO,A1070OT6C59GDR,4.0
B004YIFP04,A101GFBK6M7TA9,5.0
B004YIFP04,A107CTGSINY3GJ,5.0
B004YI9NTS,A100UD67AHFODS,5.0
B004YLCE2S,A100UD67AHFODS,5.0
B004YLCFCM,A100UD67AHFODS,5.0
B004YW79F4,A103HXJHUQQXAS,5.0
B004Z2H07K,A0955928C2RRWOWZN7UC,4.0
B004ZBMYNQ,A10AARPB3N0GZM,5.0
B004ZGN6MY,A1027EV8A9PV1O,5.0
B004ZMVQRA,A10A6YT9AD02PD,5.0
B00502KFNK,A102YRTA0CBQ6I,5.0
B00502KFNK,A102YRTA0CBQ6I,5.0
B005058B56,A10BEX8J0MF8HE,5.0
B0050K0E1U,A101UQFQCCDI3L,5.0
B0050K0E1U,A104STAOD80HVD,5.0
B0050YG3CU,A108J5O7DG2WIM,5.0
B00515FRG6,A107K10JTO8NSH,4.0
B00519BEQY,A108AVZFCZ3UWD,5.0
B00519BEQY,A103L4TOHGBCXR,5.0
B0051G5SD2,A106TZO4J5G1WQ,5.0
B0051OGJQE,A105OCSP35YJG9,5.0
B0051VARFG,A07936821FOVJO6NP4Q8,4.0
B0052D38UE,A100WO06OQR8BQ,4.0
B0053B347M,A105OEUBD1FCR3,4.0
B0053T4PHC,A100UD67AHFODS,5.0
B00542NV32,A103W1P95BXW9T,5.0
B00545BZOG,A109XLG7SJQAIA,5.0
B0054CFKQI,A105S56ODHGJEK,5.0
B0054JJ0QW,A100UD67AHFODS,5.0
B0054L1TQ4,A0817634JN8YPQ7L8C4V,5.0
B0054LAZ4Q,A101A5HAADYZMO,5.0
B0054KQZQY,A10BPU9QFBFPB2,5.0
B0054KQZQY,A1016Q5UDME15Z,5.0
B0054KQZQY,A10B6G6W3DW1EY,4.0
B00552Q7ZU,A109XLG7SJQAIA,5.0
B00558OP9O,A0284208PB0CNSHI1OC6,5.0
B00558OQHK,A10ALOMJECNL2H,5.0
B00558OQHK,A102YRTA0CBQ6I,4.0
B0055E6TY2,A103HXJHUQQXAS,5.0
B0055LGG3Y,A100IX1FUK5IAW,5.0
B00562O8U0,A102EC3XGCBZ81,5.0
B0056TYRMW,A103OG69UZTK9,5.0
B0057M0ABA,A10B6G6W3DW1EY,4.0
B0057QYF2G,A105PA6B39V8JL,4.0
B0057X4TWA,A10AFVU66A79Y1,5.0
B005869IUY,A10ALOMJECNL2H,5.0
B0058EG0KC,A105OCSP35YJG9,5.0
B0058RLD9C,A07936821FOVJO6NP4Q8,5.0
B0058TUZTO,A1099Y358WEMU3,5.0
B0058UUR6E,A1016Q5UDME15Z,5.0
B0058UUR6E,A0579276Y8S37XMMI539,5.0
B0059AK8HQ,A0543376H9JO8RU1OJJR,5.0
B005A0ETXY,A1074GBGMK6136,5.0
B005A0B7CA,A108XABRHAA9E7,5.0
B005A2AZHG,A108GOZ37A7B75,5.0
B005ALITZM,A107T5GYZZ3ZRP,5.0
B005ARQV6U,A1013Q9SD2KIE1,5.0
B005AZ7BE8,A103L4TOHGBCXR,5.0
B005BCNAWW,A104XDJGNKWCWI,4.0
B005BCNAWW,A102SZ9XZ1CK7Q,5.0
B004FVMKVC,A10B6G6W3DW1EY,4.0
B005C3R1GG,A10BNT57AVFPUG,5.0
B005C95MSE,A108XABRHAA9E7,4.0
B005CFLMNC,A107D6W94H1V07,4.0
B005CFLMNC,A1070OT6C59GDR,5.0
B005CLPP84,A1053TBGTIEQ8V,5.0
B005CLPP84,A1018D502E27E6,2.0
B005CLPP8E,A100UD67AHFODS,5.0
B005CLPP84,A100WO06OQR8BQ,1.0
B005D2JE2A,A105PA6B39V8JL,4.0
B005D5M136,A1076PTK36UDX2,5.0
B005D69QD8,A103ST6BOEEN24,5.0
B005D88EXY,A0579276Y8S37XMMI539,4.0
B005DD5BX0,A1027EV8A9PV1O,4.0
B005DIBH6A,A109XLG7SJQAIA,4.0
B005DKZTMG,A100IX1FUK5IAW,5.0
B005DKZTMG,A10B6G6W3DW1EY,5.0
B005DLDO4U,A0220159ZRNBTRKLG08H,5.0
B005DKZTMG,A1027EV8A9PV1O,5.0
B005DKZTMG,A102EC3XGCBZ81,4.0
B005DPF08E,A0220159ZRNBTRKLG08H,5.0
B005DOUJL8,A10AFVU66A79Y1,5.0
B005DOK8NW,A100UD67AHFODS,5.0
B005DSPLDA,A100UD67AHFODS,5.0
B005EHHM5A,A100UD67AHFODS,5.0
B005EJLFNI,A108XABRHAA9E7,4.0
B005EJH6RW,A1053TBGTIEQ8V,5.0
B005EJH6RW,A1027EV8A9PV1O,5.0
B005EJH6RW,A100IX1FUK5IAW,5.0
B005EJH6RW,A07936821FOVJO6NP4Q8,5.0
B005EJH6RW,A1016Q5UDME15Z,5.0
B005EOWBHC,A102SZ9XZ1CK7Q,5.0
B005EZTUMU,A109ZEBPQ5EXEG,5.0
B005FDOG7A,A108GOZ37A7B75,5.0
B005FDOGLG,A108GOZ37A7B75,5.0
B005FM8UL4,A1070OT6C59GDR,5.0
B005FPT38A,A107WLZKBEB93Y,4.0
B005FU251C,A100IX1FUK5IAW,5.0
B005FYNSUA,A105OEUBD1FCR3,5.0
B005FYNSUA,A104TBOWU2CH4O,4.0
B005G7H0AU,A10BPU9QFBFPB2,5.0
B005G8CPDG,A0220159ZRNBTRKLG08H,5.0
B005GLFSYQ,A10B6G6W3DW1EY,4.0
B005GSS8TG,A10471FSILZ25C,4.0
B005H3I38Q,A108GOZ37A7B75,5.0
B005H3Q55E,A108EEYSHGDL6O,5.0
B005H3Q5AE,A101UQFQCCDI3L,5.0
B005H3Q5AE,A107WLZKBEB93Y,5.0
B005HGBEYS,A1004703RC79J9,5.0
B005HGBEZ2,A103KKI1Y4TFNQ,5.0
B005HJWWW8,A10AKZ1VFMNCT4,5.0
B005HPYGTO,A105OCSP35YJG9,5.0
B005HQ514C,A1049V38EMQL3B,5.0
B005HQ514C,A1049V38EMQL3B,5.0
B005I00LR4,A101AENIWYBBS0,4.0
B005IDTH76,A0743345UFTOA4V1Z7W,1.0
B005IDTH76,A1018D502E27E6,4.0
B005IUW6JA,A0284208PB0CNSHI1OC6,4.0
B005IVUWHW,A10B6G6W3DW1EY,4.0
B005J4C820,A105TOJ6LTVMBG,5.0
B005J7YA4G,A100IX1FUK5IAW,5.0
B005J7YA6O,A103L4TOHGBCXR,5.0
B005JN9310,A10BNT57AVFPUG,5.0
B005K6G7BU,A107WLZKBEB93Y,5.0
B005K96VE0,A106Z0F1QPUGAX,5.0
B005KQ2O26,A107XK6EES3FO7,4.0
B005LDLP8W,A104STAOD80HVD,5.0
B005LFT3QG,A105OCSP35YJG9,5.0
B005LDLP8W,A10BPU9QFBFPB2,5.0
B005LJQMCK,A0743345UFTOA4V1Z7W,5.0
B005LLBBSS,A109XLG7SJQAIA,5.0
B005LJQMCK,A10AFVU66A79Y1,5.0
B005LJQO9G,A105TOJ6LTVMBG,5.0
B005LS2FS6,A1027EV8A9PV1O,5.0
B005LS2FS6,A100UD67AHFODS,5.0
B005LTH7QA,A0543376H9JO8RU1OJJR,5.0
B005LZOY92,A10BNT57AVFPUG,5.0
B005MRXQ7K,A10063PJ5C9WQQ,4.0
B005N1PC4K,A0543376H9JO8RU1OJJR,5.0
B005N3TPJQ,A107T5GYZZ3ZRP,5.0
B005NGQWL2,A100WO06OQR8BQ,5.0
B005O65Y4C,A108X1JFG00VOC,4.0
B005OA3BSY,A100UD67AHFODS,5.0
B005OH4V7W,A100UD67AHFODS,5.0
B005OOKNP4,A100WO06OQR8BQ,5.0
B005OTPVMY,A100WO06OQR8BQ,1.0
B005OTPVMY,A1018D502E27E6,5.0
B005PZDVF6,A104XDJGNKWCWI,4.0
B005QUQP6W,A1004703RC79J9,4.0
B005RCZEIY,A10BPU9QFBFPB2,5.0
B005TCMQ2Y,A10A6YT9AD02PD,4.0
B005UBNKWO,A109XLG7SJQAIA,4.0
B005UFO1FA,A107D6W94H1V07,5.0
B005WY3TMA,A0955928C2RRWOWZN7UC,4.0
B005Y8BYOE,A103KKI1Y4TFNQ,5.0
B005Y8BYOE,A10A6YT9AD02PD,5.0
B005YXXTDS,A106TZO4J5G1WQ,5.0
B005Z1ZWEI,A105KC5Q9I3AFM,4.0
B00603RTDW,A10AFVU66A79Y1,5.0
B00608WXGA,A104STAOD80HVD,5.0
B00608WXGA,A10B6G6W3DW1EY,4.0
B00609B3J2,A1074GBGMK6136,5.0
B00609B3J2,A10B6G6W3DW1EY,4.0
B0060US0AQ,A100UD67AHFODS,4.0
B0061PR4RA,A109ZEBPQ5EXEG,5.0
B00629NHW6,A10063PJ5C9WQQ,5.0
B0063705PE,A102EC3XGCBZ81,5.0
B00647G78M,A108J5O7DG2WIM,5.0
B006473T92,A10AFVU66A79Y1,5.0
B0064C49C8,A10A36O5200LQK,5.0
B00650P2ZC,A10B6G6W3DW1EY,5.0
B0065DUJ0C,A10ALOMJECNL2H,5.0
B00687VH2Y,A1070OT6C59GDR,5.0
B0069K42HC,A108X1JFG00VOC,4.0
B006B6KPNE,A10471FSILZ25C,5.0
B006C02I6Q,A109ZEBPQ5EXEG,5.0
B006C2DV5G,A0743345UFTOA4V1Z7W,5.0
B006DEBYWU,A103ST6BOEEN24,4.0
B006DCSUB0,A10BHKV1FOS2Y3,4.0
B006DTXDMO,A1007NRYNXDJKL,5.0
B006EKIQYM,A106Z0F1QPUGAX,5.0
B006FKFZB8,A1007NRYNXDJKL,5.0
B006G5ZVA2,A101AENIWYBBS0,5.0
B006GB5MDW,A0817634JN8YPQ7L8C4V,5.0
B006GD30UC,A10B6G6W3DW1EY,5.0
B006H97AF6,A105PA6B39V8JL,5.0
B006HUMU3C,A108X1JFG00VOC,5.0
B006I5MKZY,A105S56ODHGJEK,4.0
B006JKARZS,A103KKI1Y4TFNQ,5.0
B006JINHYS,A105TOJ6LTVMBG,5.0
B006JO2JFU,A10A6YT9AD02PD,5.0
B006JRIDHK,A107D6W94H1V07,5.0
B006K553AQ,A1076PTK36UDX2,5.0
B006KESOYY,A100UD67AHFODS,5.0
B006LW0W5Y,A103W1P95BXW9T,5.0
B006LW0W5Y,A107466OOBXHH7,5.0
B006LWYM96,A107CTGSINY3GJ,5.0
B006M1MW1Q,A107CTGSINY3GJ,5.0
B006M5TH1A,A1045NW0WUEBP8,5.0
B006M5TH1A,A10AFVU66A79Y1,2.0
B006MBP7T0,A108XABRHAA9E7,4.0
B006PP3ZK6,A103KKI1Y4TFNQ,5.0
B006R9O2PC,A1018D502E27E6,4.0
B006RO4VEO,A108EEYSHGDL6O,5.0
B006SOLITY,A100UD67AHFODS,4.0
B006T9B6R2,A1079CQTAUIX6J,5.0
B006TR0FCQ,A10ADBH8H9P880,5.0
B006U1YUZE,A105OEUBD1FCR3,4.0
B006U1YUZE,A102EC3XGCBZ81,5.0
B006UMMPGE,A105XE9Q2XWWZ3,5.0
B006V72AE0,A108XABRHAA9E7,4.0
B006VAONHE,A10471FSILZ25C,4.0
B006WAGG14,A0289048PRWFY7ZXQKCD,4.0
B006WAGG14,A104XDJGNKWCWI,5.0
B006W8U2MU,A108EEYSHGDL6O,5.0
B006W8U2MU,A101AENIWYBBS0,4.0
B006YG88YY,A104XDJGNKWCWI,5.0
B006YG9EK6,A106Z0F1QPUGAX,5.0
B006Z0Q2SI,A104STAOD80HVD,5.0
B006ZS5ATM,A108XABRHAA9E7,4.0
B006ZT4VA0,A10ALOMJECNL2H,5.0
B006ZT4VA0,A1004703RC79J9,5.0
B006ZT4VA0,A107CTGSINY3GJ,4.0
B006ZZUK5Y,A1018D502E27E6,4.0
B0070WU51U,A10BMHSLDHDLCL,5.0
B0071I3MUY,A101AENIWYBBS0,5.0
B0072C80RO,A107K10JTO8NSH,4.0
B0072JVT0W,A102ASNDNXLYU2,5.0
B0073XZ0DO,A1016Q5UDME15Z,4.0
B007470SMM,A108AVZFCZ3UWD,5.0
B0074FGNJ6,A10AFVU66A79Y1,4.0
B00752QYLK,A109XLG7SJQAIA,5.0
B00752NJMC,A105OEUBD1FCR3,5.0
B0076H8VBK,A105OCSP35YJG9,5.0
B0076H8VBK,A101AENIWYBBS0,5.0
B0076POB8O,A10A6YT9AD02PD,5.0
B0077D696M,A103HXJHUQQXAS,5.0
B0077V88VI,A1018D502E27E6,4.0
B0077YTFPS,A100UD67AHFODS,5.0
B0078G395C,A108AVZFCZ3UWD,5.0
B0078IL6K0,A107CTGSINY3GJ,4.0
B007B5ZMGE,A104STAOD80HVD,4.0
B007BGTMFU,A10B6G6W3DW1EY,5.0
B007BGTMFU,A1016KUT34PNBP,5.0
B007BJHETS,A109ZEBPQ5EXEG,5.0
B007BJHETS,A101AENIWYBBS0,5.0
B007BJHETS,A105XE9Q2XWWZ3,5.0
B007BYLO4E,A0986263H7SX62P1SRDD,5.0
B007BZOGLG,A0743345UFTOA4V1Z7W,5.0
B007CB4Z4C,A10BEX8J0MF8HE,5.0
B007DBJ2YE,A101AENIWYBBS0,5.0
B007F9XHAY,A10AFOU40FPKMQ,5.0
B007FEFQDA,A101AENIWYBBS0,5.0
B007FEFQDA,A108J5O7DG2WIM,5.0
B007FFIF0K,A10BHKV1FOS2Y3,5.0
B007FH1LJU,A10BMHSLDHDLCL,5.0
B007FN910U,A0986263H7SX62P1SRDD,5.0
B007FHX9OK,A106TZO4J5G1WQ,5.0
B007G4O5IG,A0543376H9JO8RU1OJJR,5.0
B007G5NNOW,A100UD67AHFODS,5.0
B007G5NNOW,A105OCSP35YJG9,5.0
B007GJ5DN2,A07936821FOVJO6NP4Q8,5.0
B007GO2OPW,A100UD67AHFODS,5.0
B007IMPMW4,A103KKI1Y4TFNQ,5.0
B007J4BOWI,A108J5O7DG2WIM,5.0
B007JLE84C,A107WLZKBEB93Y,5.0
B007K3SB6K,A100WO06OQR8BQ,4.0
B007K9WEFI,A107XK6EES3FO7,4.0
B007KFXICK,A102YRTA0CBQ6I,4.0
B007KFXIDO,A0986263H7SX62P1SRDD,5.0
B007KT27H8,A0220159ZRNBTRKLG08H,5.0
B007KZQM9G,A100WO06OQR8BQ,5.0
B007LLYAB6,A0289048PRWFY7ZXQKCD,4.0
B007NM7EUM,A105PA6B39V8JL,4.0
B007O0ZJKA,A108GOZ37A7B75,5.0
B007NZGPAY,A10B6G6W3DW1EY,5.0
B007NZGPAY,A0743345UFTOA4V1Z7W,4.0
B007NZGPAY,A1016Q5UDME15Z,5.0
B007NZGPAY,A102ASNDNXLYU2,5.0
B007P4VOWC,A105OEUBD1FCR3,4.0
B007P4VOWC,A1048HOW441Z1L,4.0
B007PENFT2,A109ZEBPQ5EXEG,5.0
B007PFQ0PC,A102I8TQ9R7KFY,5.0
B007PJ4Q4U,A10AARPB3N0GZM,5.0
B007PJ4PN2,A107D6W94H1V07,5.0
B007PJ4PN2,A101A5HAADYZMO,5.0
B007PJ4PN2,A109XLG7SJQAIA,5.0
B007PPYXOC,A106TZO4J5G1WQ,4.0
B007PTCFFW,A1018D502E27E6,5.0
B007Q45EF4,A102ASNDNXLYU2,5.0
B007QCXYV2,A1045NW0WUEBP8,5.0
B007QUYQSY,A107466OOBXHH7,5.0
B007QWK672,A100UD67AHFODS,5.0
B007RRTO2Y,A10AKZ1VFMNCT4,5.0
B007T937T6,A103WOAH50V4K7,5.0
B007TG5EG8,A104TBOWU2CH4O,5.0
B007V9RQLY,A105OEUBD1FCR3,5.0
B007VXJ9IS,A105PA6B39V8JL,5.0
B007WTAJTO,A0955928C2RRWOWZN7UC,4.0
B007WTAJTO,A103KKI1Y4TFNQ,5.0
B007WTAJTO,A10ALOMJECNL2H,5.0
B007Y7YV52,A101A5HAADYZMO,5.0
B007Y91TXW,A100UD67AHFODS,5.0
B007YCA6UG,A105OCSP35YJG9,5.0
B007Z3T5JC,A10A6YT9AD02PD,5.0
B007ZBIFDG,A10AFVU66A79Y1,5.0
B007ZDES9Y,A100UD67AHFODS,4.0
B007ZG32I4,A103OG69UZTK9,4.0
B0080JH3YE,A0543376H9JO8RU1OJJR,4.0
B0080YBHDC,A0543376H9JO8RU1OJJR,5.0
B00814NSQ0,A1074GBGMK6136,4.0
B008194UIU,A109ZEBPQ5EXEG,5.0
B0082E9K7U,A100UD67AHFODS,5.0
B00835IN0I,A102UDLRKSYSK8,5.0
B00834SJNA,A100IX1FUK5IAW,5.0
B0083B6HEQ,A101GFBK6M7TA9,5.0
B0083FEUN2,A10471FSILZ25C,4.0
B0083Y1YVE,A102I8TQ9R7KFY,5.0
B0083YIGVU,A0284208PB0CNSHI1OC6,5.0
B008422JDM,A105S56ODHGJEK,5.0
B0084FM5JC,A10063PJ5C9WQQ,5.0
B0084ZYHMU,A0284208PB0CNSHI1OC6,4.0
B008525P1O,A0543376H9JO8RU1OJJR,5.0
B0085DZRDE,A10B6G6W3DW1EY,5.0
B00863L3K4,A10A6YT9AD02PD,4.0
B00881CT1Q,A1099Y358WEMU3,5.0
B0088VQEV2,A104XDJGNKWCWI,5.0
B00890YNBK,A103OG69UZTK9,5.0
B0089VKNHM,A100WO06OQR8BQ,5.0
B008ALAHA4,A102UDLRKSYSK8,5.0
B008AL9VXI,A100WO06OQR8BQ,5.0
B008BOSOEG,A0986263H7SX62P1SRDD,5.0
B008CQWPHU,A108J5O7DG2WIM,5.0
B008D6YZXG,A1070OT6C59GDR,5.0
B008FC8FJ8,A100UD67AHFODS,5.0
B008FH1R0M,A105PA6B39V8JL,4.0
B008IHNK40,A1053TBGTIEQ8V,5.0
B008L8KFVW,A10A6YT9AD02PD,4.0
B008LT3TYG,A10BHKV1FOS2Y3,4.0
B008LTBM6S,A103ST6BOEEN24,5.0
B008NSCK9A,A102UDLRKSYSK8,5.0
B008PC1FYK,A1013Q9SD2KIE1,4.0
B008Q3CCZE,A1079CQTAUIX6J,5.0
B008S50I9M,A108EEYSHGDL6O,4.0
B008VMPOB4,A100WO06OQR8BQ,5.0
B008VQ8IKY,A107XK6EES3FO7,5.0
B008W59QZK,A10AFVU66A79Y1,5.0
B008X9Z8NE,A1045NW0WUEBP8,5.0
B008YDUTRO,A108XABRHAA9E7,4.0
B008YJ462M,A101A5HAADYZMO,4.0
B008YQAFH0,A1053TBGTIEQ8V,4.0
B00906HOEK,A1018D502E27E6,4.0
B0090BTY8Y,A1097BZAQ88RQD,5.0
B0090C6THM,A107K10JTO8NSH,5.0
B0090I9VQW,A100UD67AHFODS,4.0
B0090UG55A,A102L0RVI4LHH3,5.0
B0090UG55A,A103WOAH50V4K7,4.0
B0090Y9OPE,A105OCSP35YJG9,5.0
B0090XWU8S,A102ASNDNXLYU2,5.0
B0091CFBBG,A1018D502E27E6,4.0
B0092KRAXY,A10AFVU66A79Y1,5.0
B0092ML0MY,A101GFBK6M7TA9,1.0
B0092ML0MY,A10ALOMJECNL2H,5.0
B0093026JQ,A103HXJHUQQXAS,5.0
B0093026JQ,A10B6G6W3DW1EY,5.0
B00931I08G,A0220159ZRNBTRKLG08H,4.0
B00937CUYA,A105OCSP35YJG9,5.0
B0093IBQU8,A100UD67AHFODS,5.0
B00942TJXY,A106Z0F1QPUGAX,5.0
B0094CX8QI,A109XLG7SJQAIA,5.0
B0094PFW7S,A1018D502E27E6,4.0
B0095ABFGO,A100UD67AHFODS,5.0
B009661Y8G,A1016KUT34PNBP,5.0
B0096BEJDI,A1016KUT34PNBP,4.0
B0096BEJDI,A0284208PB0CNSHI1OC6,3.0
B0096FT902,A107D6W94H1V07,5.0
B0096JQ4FQ,A1018D502E27E6,4.0
B0096LZ5QI,A100WO06OQR8BQ,5.0
B0096VCUG6,A105OCSP35YJG9,5.0
B0096YOQQA,A100UD67AHFODS,4.0
B0097252UK,A105OCSP35YJG9,5.0
B0097DFRMC,A0817634JN8YPQ7L8C4V,5.0
B0097BEFDG,A100UD67AHFODS,5.0
B0098V1GBY,A10BMHSLDHDLCL,5.0
B0098V1GBY,A105S56ODHGJEK,5.0
B0098Y77N2,A10AFOU40FPKMQ,5.0
B00998L1R0,A108X1JFG00VOC,5.0
B00998P1JY,A100UD67AHFODS,4.0
B00998P7UW,A100UD67AHFODS,5.0
B0099TX7O4,A102SZ9XZ1CK7Q,5.0
B0099SMFP2,A10AFOU40FPKMQ,5.0
B009A13IB8,A100UD67AHFODS,5.0
B009A6CZ12,A103WOAH50V4K7,5.0
B009A6CZYO,A100WO06OQR8BQ,5.0
B009AOFKUM,A104XDJGNKWCWI,5.0
B009B0MY6S,A100UD67AHFODS,5.0
B009BV4V4K,A103WOAH50V4K7,5.0
B009CNR0I6,A10BPU9QFBFPB2,5.0
B009CP99GK,A10471FSILZ25C,4.0
B009CQNPYQ,A106Z0F1QPUGAX,4.0
B009D79VH4,A0579276Y8S37XMMI539,5.0
B009D79VH4,A1087KNFOF40VD,5.0
B009DMFOVG,A1016Q5UDME15Z,5.0
B009EM694G,A10BMHSLDHDLCL,5.0
B009F1DYF8,A1053TBGTIEQ8V,5.0
B009F37CM2,A1074GBGMK6136,5.0
B009FBIBKG,A1079CQTAUIX6J,5.0
B009GG09QO,A0817634JN8YPQ7L8C4V,5.0
B009GG06GC,A10BNT57AVFPUG,5.0
B009GG06F8,A107D6W94H1V07,5.0
B009GUX660,A109ZEBPQ5EXEG,5.0
B009GUQEQE,A107466OOBXHH7,5.0
B009GUXU52,A100IX1FUK5IAW,5.0
B009GSI0MM,A1079CQTAUIX6J,5.0
B009H8JOZS,A100UD67AHFODS,5.0
B009HHY2TW,A102UDLRKSYSK8,4.0
B009HQCARY,A105S56ODHGJEK,4.0
B009IBXECS,A100UD67AHFODS,5.0
B009JBK6RS,A103OG69UZTK9,5.0
B009JR1QVM,A105PA6B39V8JL,4.0
B009JR1QVM,A10063PJ5C9WQQ,5.0
B009LL9VDG,A100UD67AHFODS,5.0
B009NCFZH4,A108EEYSHGDL6O,5.0
B009NLTW60,A100IX1FUK5IAW,4.0
B009O7YU56,A1013Q9SD2KIE1,5.0
B009LI7CEE,A10A6YT9AD02PD,2.0
B009LI7CEE,A109XLG7SJQAIA,5.0
B009T0FDR2,A106Z0F1QPUGAX,4.0
B009SYZ8OC,A105OCSP35YJG9,5.0
B009UNC3F8,A1016KUT34PNBP,5.0
B009WG6K66,A102L0RVI4LHH3,5.0
B009W9BQMQ,A100UD67AHFODS,5.0
B009ZIILLI,A10B6G6W3DW1EY,4.0
B009ZRBVDE,A10BNT57AVFPUG,5.0
B00A0VCHQE,A100WO06OQR8BQ,5.0
B00A1UP356,A1016Q5UDME15Z,5.0
B00A1VSO9M,A100UD67AHFODS,5.0
B00A1VSO9M,A100UD67AHFODS,5.0
B00A1ZTZZK,A10B6G6W3DW1EY,4.0
B00A5TWTK0,A103L4TOHGBCXR,5.0
B00A6Q596I,A1087KNFOF40VD,5.0
B00A6X7JEG,A107T5GYZZ3ZRP,5.0
B00A71YOQI,A07936821FOVJO6NP4Q8,5.0
B00A85ANCW,A101A5HAADYZMO,5.0
B00A86MLJO,A1007NRYNXDJKL,5.0
B00AA8MAUK,A105KC5Q9I3AFM,5.0
B00AAZOBSC,A102SZ9XZ1CK7Q,5.0
B00AB3CGX0,A107CTGSINY3GJ,5.0
B00AB262GI,A100UD67AHFODS,5.0
B00AHS8LD8,A10A6YT9AD02PD,5.0
B00AI3RRAA,A10471FSILZ25C,5.0
B00AJG5Q0Y,A1097BZAQ88RQD,5.0
B00AJHB8R8,A104TBOWU2CH4O,4.0
B00ALNPM2C,A100UD67AHFODS,5.0
B00AOGZ80C,A108XABRHAA9E7,5.0
B00APCMMEK,A108YS80LQZ0SO,5.0
B00APPDX86,A10AFVU66A79Y1,2.0
B00APPDX86,A1076PTK36UDX2,5.0
B00AQM8586,A102ASNDNXLYU2,5.0
B00AQU7M82,A0579276Y8S37XMMI539,5.0
B00AQU7M82,A102ASNDNXLYU2,5.0
B00AR95FQI,A105S56ODHGJEK,5.0
B00ATM1MUG,A10ADBH8H9P880,4.0
B00ATM1MGA,A10ADBH8H9P880,5.0
B00AU6GHGA,A1018D502E27E6,5.0
B00AWKC0EC,A1004703RC79J9,5.0
B00AWRUICG,A10AFVU66A79Y1,5.0
B00AWRUIY4,A108GOZ37A7B75,4.0
B00AWRUICG,A1013Q9SD2KIE1,2.0
B00AWRUICG,A108GOZ37A7B75,4.0
B00AWYN2CW,A108X1JFG00VOC,5.0
B00AX0OURQ,A101A5HAADYZMO,5.0
B00AXZWG8Q,A10BHKV1FOS2Y3,5.0
B00AXZWG8Q,A103ST6BOEEN24,4.0
B00AXZWG8Q,A10ADBH8H9P880,5.0
B00AYB3OMG,A100WO06OQR8BQ,5.0
B00AYT62HC,A100WO06OQR8BQ,1.0
B00AYT62HC,A10AFOU40FPKMQ,5.0
B00AZ9T41M,A10B6G6W3DW1EY,5.0
B00AZFD3OU,A102SVOH0JD2RP,5.0
B00AZFMORW,A105S56ODHGJEK,4.0
B00B0RD2RA,A102I8TQ9R7KFY,5.0
B00B1862X4,A107K10JTO8NSH,4.0
B00B29KS4G,A10BPU9QFBFPB2,5.0
B00B2HH7GK,A101GFBK6M7TA9,5.0
B00B2HOPZ6,A102I8TQ9R7KFY,5.0
B00B2HOPZ6,A105KC5Q9I3AFM,5.0
B00B2HVAT0,A107CTGSINY3GJ,5.0
B00B2N7B60,A107WMIXVFLZLZ,5.0
B00B332A9C,A109XLG7SJQAIA,5.0
B00B332A9C,A105S56ODHGJEK,5.0
B00B35F7MC,A109ZEBPQ5EXEG,5.0
B00B3P15M8,A0743345UFTOA4V1Z7W,5.0
B00B3P15M8,A10B6G6W3DW1EY,3.0
B00B3P15M8,A10ALOMJECNL2H,5.0
B00B3QY9QQ,A108XABRHAA9E7,4.0
B00B46XUQU,A103L4TOHGBCXR,5.0
B00B4BJY7E,A0284208PB0CNSHI1OC6,5.0
B00B4I46OS,A103HXJHUQQXAS,5.0
B00B4X2JHY,A1018D502E27E6,5.0
B00B588HY2,A0817634JN8YPQ7L8C4V,4.0
B00B588HY2,A0543376H9JO8RU1OJJR,4.0
B00B59A1J0,A1074GBGMK6136,5.0
B00B588HY2,A10BEX8J0MF8HE,5.0
B00B5Q6Y8U,A1016Q5UDME15Z,5.0
B00B7FOQCK,A10471FSILZ25C,5.0
B00B7GV802,A10ALOMJECNL2H,5.0
B00B7GV802,A100WO06OQR8BQ,5.0
B00B7GV802,A1016Q5UDME15Z,5.0
B00B7JLZSE,A0289048PRWFY7ZXQKCD,3.0
B00B7JLZSE,A1016KUT34PNBP,5.0
B00B7JLZSE,A1076PTK36UDX2,2.0
B00B7QZR3G,A108YS80LQZ0SO,5.0
B00B7Y7HF4,A105S56ODHGJEK,4.0
B00B86IKXO,A105TOJ6LTVMBG,5.0
B00B981F1U,A107466OOBXHH7,4.0
B00B9996LA,A101GFBK6M7TA9,5.0
B00B99JUBQ,A1053TBGTIEQ8V,5.0
B00B9996LA,A10B6G6W3DW1EY,3.0
B00B9DQ2QI,A102YRTA0CBQ6I,4.0
B00BAQJ94Q,A105OCSP35YJG9,5.0
B00BB5Q5BG,A103HXJHUQQXAS,5.0
B00BCMHZLC,A07936821FOVJO6NP4Q8,4.0
B00BCSW3WC,A107K10JTO8NSH,4.0
B00BCV1CEY,A10BNT57AVFPUG,5.0
B00BCV1CEY,A107XK6EES3FO7,1.0
B00BCV1CEY,A100IX1FUK5IAW,5.0
B00BD7UXQU,A102YRTA0CBQ6I,5.0
B00BDRYPV4,A10AFVU66A79Y1,5.0
B00BF6HX8U,A1099Y358WEMU3,5.0
B00BF6HYBG,A1099Y358WEMU3,5.0
B00BF6HY84,A1099Y358WEMU3,5.0
B00BF9MZ9O,A10AFOU40FPKMQ,5.0
B00BFIAB82,A10B6G6W3DW1EY,5.0
B00BFQ9R0W,A100UD67AHFODS,5.0
B00BFYUWZI,A102YRTA0CBQ6I,4.0
B00BFYUWZI,A100IX1FUK5IAW,5.0
B00BGKQHQ4,A1079CQTAUIX6J,5.0
B00BGO0Q9O,A1049V38EMQL3B,5.0
B00BISWIHQ,A100IX1FUK5IAW,5.0
B00BJ6VAQW,A106Z0F1QPUGAX,5.0
B00BJO98E0,A105S56ODHGJEK,4.0
B00BL20J7K,A107XK6EES3FO7,4.0
B00BLCLURI,A103L4TOHGBCXR,5.0
B00BLHYHR8,A0284208PB0CNSHI1OC6,5.0
B00BLSBYPK,A1079CQTAUIX6J,4.0
B00BNI4AWM,A102L0RVI4LHH3,5.0
B00BNI4CVG,A102L0RVI4LHH3,5.0
B00BNI4KEU,A102L0RVI4LHH3,5.0
B00BNI4KEU,A102L0RVI4LHH3,5.0
B00BNI4G4O,A102L0RVI4LHH3,5.0
B00BNI4G4O,A102L0RVI4LHH3,5.0
B00BO0MG16,A102L0RVI4LHH3,5.0
B00BP5KOPA,A100WO06OQR8BQ,5.0
B00BP5KOPA,A104TBOWU2CH4O,5.0
B00BPRLNQ2,A107466OOBXHH7,5.0
B00BQ4F9ZA,A100IX1FUK5IAW,5.0
B00BRMGQIA,A103HXJHUQQXAS,5.0
B00BSVM3YG,A1079CQTAUIX6J,5.0
B00BSVM3YG,A104TBOWU2CH4O,4.0
B00BT80QH4,A1079CQTAUIX6J,5.0
B00BT8KZCU,A0220159ZRNBTRKLG08H,5.0
B00BT80QH4,A109KHEJL08HW9,5.0
B00BTCPQ5C,A103L4TOHGBCXR,5.0
B00BUSDVBQ,A102I8TQ9R7KFY,4.0
B00BUSDVBQ,A103KKI1Y4TFNQ,5.0
B00BUSDVBQ,A100IX1FUK5IAW,5.0
B00BWF5U0M,A100WO06OQR8BQ,5.0
B00BWF5U0M,A07936821FOVJO6NP4Q8,5.0
B00BXF5FVU,A1004703RC79J9,4.0
B00BYOE4C6,A10B6G6W3DW1EY,5.0
B00BYTEHQO,A0986263H7SX62P1SRDD,5.0
B00BZC31WQ,A1048HOW441Z1L,4.0
B00BZC31WQ,A1007NRYNXDJKL,5.0
B00BZC31WQ,A108XABRHAA9E7,4.0
B00C28L6EW,A101UQFQCCDI3L,5.0
B00C2AMK2M,A100WO06OQR8BQ,5.0
B00C28L6EW,A1018D502E27E6,5.0
B00C2MBTK4,A10AFVU66A79Y1,5.0
B00C46LS9U,A10B6G6W3DW1EY,4.0
B00C53D2CI,A10ALOMJECNL2H,5.0
B00C5H5DN0,A1016Q5UDME15Z,5.0
B00C5K8D5W,A1053TBGTIEQ8V,5.0
B00C631EYU,A104STAOD80HVD,5.0
B00C7D0IXW,A103KKI1Y4TFNQ,5.0
B00C8T5KOW,A107D6W94H1V07,4.0
B00C9V0OBI,A105S56ODHGJEK,4.0
B00C9TECFO,A102ASNDNXLYU2,5.0
B00CA65AR0,A105PA6B39V8JL,4.0
B00CAT0QMQ,A108XABRHAA9E7,4.0
B00CBNG10C,A1087KNFOF40VD,5.0
B00CCPVOUG,A107T5GYZZ3ZRP,5.0
B00CD8AFFW,A104TBOWU2CH4O,4.0
B00CD8AFFW,A1076PTK36UDX2,5.0
B00CD8AFFW,A100IX1FUK5IAW,4.0
B00CDSVXTY,A10ALOMJECNL2H,5.0
B00CDS9EKE,A0743345UFTOA4V1Z7W,5.0
B00CD8AFFW,A1079CQTAUIX6J,5.0
B00CDS9EKE,A0543376H9JO8RU1OJJR,5.0
B00CEZBKTO,A103WOAH50V4K7,5.0
B00CF9JON8,A108X1JFG00VOC,5.0
B00CHR46JA,A105S56ODHGJEK,4.0
B00CHT6CRC,A108XABRHAA9E7,4.0
B00CJ58K7Y,A108AVZFCZ3UWD,5.0
B00CKANT9C,A108J5O7DG2WIM,5.0
B00CKANT1K,A108J5O7DG2WIM,5.0
B00CKYH9Q2,A0743345UFTOA4V1Z7W,5.0
B00CL8F98W,A105S56ODHGJEK,4.0
B00CM06VHC,A107466OOBXHH7,5.0
B00CM381SQ,A1049V38EMQL3B,5.0
B00CMQTVK0,A0743345UFTOA4V1Z7W,4.0
B00CMR15Z8,A100UD67AHFODS,5.0
B00CO07C5U,A10B6G6W3DW1EY,4.0
B00CO0DDZS,A10BNT57AVFPUG,5.0
B00CNZP8AM,A10AFVU66A79Y1,5.0
B00CNZP8AM,A1048HOW441Z1L,5.0
B00CNZP8AM,A0743345UFTOA4V1Z7W,5.0
B00CO8T9VC,A108GOZ37A7B75,5.0
B00COQGJSK,A108GOZ37A7B75,4.0
B00CP76N7U,A100WO06OQR8BQ,5.0
B00CPH56AU,A10AFVU66A79Y1,4.0
B00CPRVF5K,A1016Q5UDME15Z,5.0
B00CQ35NOW,A107466OOBXHH7,5.0
B00CQ35GYE,A104STAOD80HVD,5.0
B00CRB9CK4,A106TZO4J5G1WQ,5.0
B00CRFK24K,A10AFVU66A79Y1,5.0
B00CRJWW2G,A104STAOD80HVD,4.0
B00CSAZM8U,A108AVZFCZ3UWD,5.0
B00CT0BWHE,A10AFVU66A79Y1,5.0
B00CTCIQEO,A0543376H9JO8RU1OJJR,5.0
B00CTW7GQS,A107T5GYZZ3ZRP,5.0
B00CUDXS4K,A104TBOWU2CH4O,5.0
B00CUD1M66,A108GOZ37A7B75,4.0
B00CUOAUK4,A10AFOU40FPKMQ,5.0
B00CV9M5W4,A107WMIXVFLZLZ,5.0
B00CXOC5Z4,A103WOAH50V4K7,5.0
B00CYBITQK,A10B6G6W3DW1EY,4.0
B00CYW1B14,A107WLZKBEB93Y,5.0
B00CZ6WAEQ,A10BPU9QFBFPB2,5.0
B00CZIQXBA,A109XLG7SJQAIA,5.0
B00D029NNA,A0986263H7SX62P1SRDD,5.0
B00D18U6K2,A10BPU9QFBFPB2,5.0
B00D2CO8WO,A102YRTA0CBQ6I,4.0
B00D2CRXKI,A107466OOBXHH7,5.0
B00D3F3O8Y,A1097BZAQ88RQD,5.0
B00D5GVMK8,A103WOAH50V4K7,3.0
B00D5GVMK8,A1004703RC79J9,5.0
B00D6AICR4,A1053TBGTIEQ8V,5.0
B00D6Y0U8E,A10BEX8J0MF8HE,5.0
B00D6ZETV2,A108AVZFCZ3UWD,4.0
B00D77KEEK,A108J5O7DG2WIM,5.0
B00D76RNLS,A103L4TOHGBCXR,5.0
B00D86UYBS,A10ARISO1UMIUN,5.0
B00DBAA6PU,A10BNT57AVFPUG,5.0
B00DCEOI90,A10AARPB3N0GZM,5.0
B00DCEOI90,A108AVZFCZ3UWD,4.0
B00DCNRTAG,A1016Q5UDME15Z,5.0
B00DCNRTAG,A107XK6EES3FO7,1.0
B00DE8EDXU,A0220159ZRNBTRKLG08H,5.0
B00DG9D6IK,A10B6G6W3DW1EY,4.0
B00DGZKHWW,A109XLG7SJQAIA,4.0
B00DH9PN62,A103WOAH50V4K7,5.0
B00DH8YTS6,A10B6G6W3DW1EY,4.0
B00DI896VK,A108J5O7DG2WIM,5.0
B00DI89EQ2,A103W1P95BXW9T,5.0
B00DI88X32,A105TOJ6LTVMBG,4.0
B00DIGAK62,A1053TBGTIEQ8V,4.0
B00DJW603C,A0284208PB0CNSHI1OC6,5.0
B00DL4BMRC,A105PA6B39V8JL,4.0
B00DM65EH8,A104STAOD80HVD,4.0
B00DMCVKMU,A108GOZ37A7B75,5.0
B00DMJI9TA,A1087KNFOF40VD,5.0
B00DPMV2WK,A103L4TOHGBCXR,5.0
B00DQ5RYP0,A102SZ9XZ1CK7Q,5.0
B00DQ5RYP0,A10B6G6W3DW1EY,4.0
B00DQEB1V4,A0220159ZRNBTRKLG08H,5.0
B00DQHZYXW,A107WMIXVFLZLZ,4.0
B00DQZOF3Y,A105S56ODHGJEK,4.0
B00DR0B7Y8,A1079CQTAUIX6J,5.0
B00DRA4CY0,A108XABRHAA9E7,4.0
B00DSTBM6G,A103ST6BOEEN24,5.0
B00DSUTX3O,A107D6W94H1V07,5.0
B00DSXC7X4,A100IX1FUK5IAW,5.0
B00DTOJNZW,A105PA6B39V8JL,4.0
B00DW374W4,A107D6W94H1V07,5.0
B00DW374W4,A1074GBGMK6136,4.0
B00DW374W4,A101A5HAADYZMO,5.0
B00DW9K52Y,A10BHKV1FOS2Y3,4.0
B00DWIAV4C,A105OCSP35YJG9,5.0
B00DWIAUGG,A105OCSP35YJG9,5.0
B00DX5D49S,A105OEUBD1FCR3,5.0
B00DX5D49S,A10B6G6W3DW1EY,5.0
B00DY2Y28M,A1070OT6C59GDR,5.0
B00DY2Y28M,A10AFVU66A79Y1,5.0
B00DYQZ4Z8,A109KHEJL08HW9,5.0
B00DYWC0BI,A103WOAH50V4K7,5.0
B00DZYEXPQ,A109KHEJL08HW9,5.0
B00DZYEXPQ,A100UD67AHFODS,5.0
B00E055H5O,A105OCSP35YJG9,5.0
B00E0LCRE2,A1048HOW441Z1L,5.0
B00E174RTS,A10AKZ1VFMNCT4,5.0
B00E174RTS,A100WO06OQR8BQ,1.0
B00E2UROPI,A1045NW0WUEBP8,5.0
B00E362W9O,A104XDJGNKWCWI,5.0
B00E3AKF1C,A1004703RC79J9,5.0
B00E3UF71U,A10BNT57AVFPUG,5.0
B00E3W15P0,A105TOJ6LTVMBG,4.0
B00E3W15P0,A10B6G6W3DW1EY,4.0
B00E42A4L0,A108GOZ37A7B75,5.0
B00E4YG1RE,A108EEYSHGDL6O,4.0
B00E5I7VJG,A106Z0F1QPUGAX,5.0
B00E5OUOCQ,A109KHEJL08HW9,4.0
B00E5SMY0W,A10ALOMJECNL2H,5.0
B00E7B08MS,A1087KNFOF40VD,5.0
B00E8ZDCDU,A102ASNDNXLYU2,5.0
B007D0ZLCM,A10BNT57AVFPUG,5.0
B00E9MD700,A0743345UFTOA4V1Z7W,5.0
B00E9PHY1U,A1004703RC79J9,5.0
B00E9Z8E4Q,A102UDLRKSYSK8,5.0
B00EAD7GKK,A0817634JN8YPQ7L8C4V,5.0
B00EB7812C,A101UQFQCCDI3L,5.0
B00EBC5HSS,A105OCSP35YJG9,5.0
B00EBNDOIC,A100IX1FUK5IAW,5.0
B00EDSGUXG,A105S56ODHGJEK,4.0
B00EE4KKDA,A107D6W94H1V07,4.0
B00EEHNNNG,A107WLZKBEB93Y,4.0
B00EEHNNNG,A10063PJ5C9WQQ,5.0
B00EFNT3MO,A0986263H7SX62P1SRDD,5.0
B00EHC7USC,A1060TU3IGU2UJ,5.0
B00EIA4GJY,A107T5GYZZ3ZRP,5.0
B00EIP2PFG,A1016Q5UDME15Z,5.0
B00EIQTOFY,A10B6G6W3DW1EY,4.0
B00EJA0FO8,A0986263H7SX62P1SRDD,5.0
B00EKE4ZQC,A1079CQTAUIX6J,5.0
B00EKPOU9I,A108YS80LQZ0SO,5.0
B00EKPOU9I,A10AFOU40FPKMQ,4.0
B00ELJVM5I,A10BPU9QFBFPB2,5.0
B00EM5UFP4,A1013Q9SD2KIE1,1.0
B00EM5UFP4,A102L0RVI4LHH3,5.0
B00EM5UFP4,A102L0RVI4LHH3,5.0
B00EM5UFP4,A102L0RVI4LHH3,5.0
B00EN8UN4S,A10AFVU66A79Y1,5.0
B00ENSKUUK,A10BMHSLDHDLCL,5.0
B00ESG5UTS,A1053TBGTIEQ8V,4.0
B00ESG5UTS,A10AFOU40FPKMQ,4.0
B00ESUXXZM,A105PA6B39V8JL,2.0
B00ESUXXZM,A1074GBGMK6136,5.0
B00ETH7ERM,A100UD67AHFODS,4.0
B00EVVGAD0,A10BEX8J0MF8HE,5.0
B00EVW6G9W,A108GOZ37A7B75,5.0
B00EWMTGX4,A103L4TOHGBCXR,5.0
B00EWOK09G,A10AKZ1VFMNCT4,4.0
B00EXL0QAQ,A103L4TOHGBCXR,5.0
B00EYTM3DK,A108XABRHAA9E7,4.0
B00EZ562XU,A1053TBGTIEQ8V,4.0
B00EZT7RE4,A101A5HAADYZMO,5.0
B00EZV8ZJI,A10B6G6W3DW1EY,4.0
B00F19Q7YI,A103L4TOHGBCXR,5.0
B00F19Q7YI,A103ST6BOEEN24,5.0
B00F19Q3S8,A103L4TOHGBCXR,5.0
B00F25Z0FS,A1087KNFOF40VD,5.0
B00F27IEF4,A103OG69UZTK9,5.0
B00F2ZM6CS,A104TBOWU2CH4O,5.0
B00F36Y9XU,A105S56ODHGJEK,5.0
B00F5JH9FU,A0817634JN8YPQ7L8C4V,5.0
B00F6EL6O4,A102XAY1719I61,5.0
B00F6S0XGW,A1087KNFOF40VD,5.0
B00F6S10KK,A1087KNFOF40VD,5.0
B00F7BYOMW,A108AVZFCZ3UWD,5.0
B00F93IOR4,A10AFVU66A79Y1,5.0
B00FAZWK76,A100WO06OQR8BQ,5.0
B00FB45SRU,A103L4TOHGBCXR,5.0
B00FB45SI4,A1018D502E27E6,5.0
B00FDLP6DC,A103ST6BOEEN24,4.0
B00FDQQIJS,A1074GBGMK6136,5.0
B00FDUHD2K,A1013Q9SD2KIE1,2.0
B00FDUHD2K,A1060TU3IGU2UJ,5.0
B00FDUHD2K,A109KHEJL08HW9,5.0
B00FDUHD2K,A1048HOW441Z1L,5.0
B00FEE7B1I,A100IX1FUK5IAW,4.0
B00FEE7B1I,A1013Q9SD2KIE1,5.0
B00FISD9DO,A100UD67AHFODS,4.0
B00FJRP810,A10AARPB3N0GZM,4.0
B00FK7H1ZA,A103ST6BOEEN24,5.0
B00FM5E1EY,A102SZ9XZ1CK7Q,5.0
B00FOBEN6W,A1074GBGMK6136,5.0
B00FPAVUHC,A1016Q5UDME15Z,5.0
B00FPIMJEW,A0579276Y8S37XMMI539,2.0
B00FPIMJEW,A10B6G6W3DW1EY,4.0
B00FQ6K7TC,A1013Q9SD2KIE1,4.0
B00FQ6K7TC,A1076PTK36UDX2,3.0
B00FQ6K7TC,A0986263H7SX62P1SRDD,5.0
B00FQML02E,A1053TBGTIEQ8V,5.0
B00FSA8VQ2,A10AKZ1VFMNCT4,4.0
B00FSB749Q,A0817634JN8YPQ7L8C4V,5.0
B00FSKWFBY,A108J5O7DG2WIM,5.0
B00FVHCO9W,A105S56ODHGJEK,5.0
B00FVWVDSK,A102ASNDNXLYU2,5.0
B00FXYTLIK,A0955928C2RRWOWZN7UC,4.0
B00FZ1AAUE,A108AVZFCZ3UWD,5.0
B00FZHWFEW,A109XLG7SJQAIA,5.0
B00G4E036M,A1007NRYNXDJKL,5.0
B00G4SA1FG,A1049V38EMQL3B,5.0
B00G6CDDIW,A107D6W94H1V07,5.0
B00G9UWP94,A101UQFQCCDI3L,5.0
B00G9XGB6E,A1016KUT34PNBP,5.0
B00G9WHMCW,A1053TBGTIEQ8V,5.0
B00GA7TX4Q,A107K10JTO8NSH,4.0
B00GAML7OK,A1045NW0WUEBP8,5.0
B00GAKX34E,A0284208PB0CNSHI1OC6,4.0
B00GAKX34E,A102YRTA0CBQ6I,4.0
B00GBBSL9Y,A107466OOBXHH7,5.0
B00GBBSL9Y,A105KC5Q9I3AFM,5.0
B00GBBSX92,A10A36O5200LQK,5.0
B00GD4JMLA,A105OCSP35YJG9,5.0
B00GGX3DLS,A103HXJHUQQXAS,5.0
B00GH0N1LM,A10063PJ5C9WQQ,5.0
B00GHY5JAO,A10ALOMJECNL2H,5.0
B00GHY5JAO,A07936821FOVJO6NP4Q8,5.0
B00GJFW1F2,A108EEYSHGDL6O,4.0
B00GKEAQ2M,A100WO06OQR8BQ,5.0
B00GKKI4IE,A10AARPB3N0GZM,4.0
B00GLXV3TW,A10BEX8J0MF8HE,5.0
B00GON7IMU,A108EEYSHGDL6O,5.0
B00GOX22WQ,A10BMHSLDHDLCL,5.0
B00GP5O8T8,A105OCSP35YJG9,5.0
B00GPVYSAG,A103L4TOHGBCXR,5.0
B00GQDCE72,A105KC5Q9I3AFM,5.0
B00GQPVVCY,A107D6W94H1V07,5.0
B00GR0I5HW,A100UD67AHFODS,4.0
B00GR0I5HW,A100UD67AHFODS,4.0
B00GR0I5HW,A100UD67AHFODS,4.0
B00GR7BUPE,A0743345UFTOA4V1Z7W,5.0
B00GS1H8QO,A102UDLRKSYSK8,5.0
B00GSZUKU6,A10BMHSLDHDLCL,5.0
B00GTVV3NM,A1087KNFOF40VD,5.0
B00GU1KTY0,A10471FSILZ25C,4.0
B00GUZEZL4,A102XAY1719I61,5.0
B00GVE7QEC,A108XABRHAA9E7,4.0
B00GWTSO1U,A1099Y358WEMU3,5.0
B00GXFDCAQ,A10B6G6W3DW1EY,5.0
B00GXQRE68,A10AKZ1VFMNCT4,4.0
B00GY9SO72,A105S56ODHGJEK,5.0
B00H1ZMS16,A10ALOMJECNL2H,4.0
B00H2GTXKS,A1018D502E27E6,5.0
B00H2GTXM6,A108J5O7DG2WIM,5.0
B00H33SFJU,A102I8TQ9R7KFY,5.0
B00H35AUKU,A10AFVU66A79Y1,4.0
B00H4YGR48,A100UD67AHFODS,5.0
B00H4YGR48,A100UD67AHFODS,5.0
B00H56N7D4,A10AKZ1VFMNCT4,4.0
B00H56N7D4,A10AKZ1VFMNCT4,4.0
B00H7PBWK8,A1053TBGTIEQ8V,5.0
B00H7WKGQ2,A101UQFQCCDI3L,5.0
B00H7XFOKO,A10BMHSLDHDLCL,5.0
B00H84WRK2,A0743345UFTOA4V1Z7W,5.0
B00H935LKK,A0743345UFTOA4V1Z7W,5.0
B00HAAPREM,A103WOAH50V4K7,4.0
B00HEV6MUU,A10063PJ5C9WQQ,5.0
B00HG7HO22,A10ALOMJECNL2H,5.0
B00HGVJRX2,A10B6G6W3DW1EY,5.0
B00HHAJU7K,A106TZO4J5G1WQ,5.0
B00HHRP11C,A102L0RVI4LHH3,5.0
B00HHRP11C,A100UD67AHFODS,5.0
B00HK0A6LQ,A1049V38EMQL3B,5.0
B00HM9NVOY,A103W1P95BXW9T,5.0
B00HMCDTSE,A108YS80LQZ0SO,5.0
B00HMZG3YS,A0955928C2RRWOWZN7UC,4.0
B00HNMD2VW,A100UD67AHFODS,5.0
B00HPQ0G88,A100UD67AHFODS,5.0
B00HQ4W4XO,A108J5O7DG2WIM,5.0
B00HQ883T4,A102L0RVI4LHH3,5.0
B00HQ883T4,A105S56ODHGJEK,3.0
B00HQ883QW,A102L0RVI4LHH3,5.0
B00HRLSU0M,A100WO06OQR8BQ,4.0
B00HT07QXI,A105PA6B39V8JL,5.0
B00HUEU9H8,A10B6G6W3DW1EY,5.0
B00HV6KGNM,A10BEX8J0MF8HE,4.0
B00HV6V56O,A1016KUT34PNBP,5.0
B00HVLUR18,A1007NRYNXDJKL,5.0
B00HVLTRHI,A1079CQTAUIX6J,5.0
B00HVT170U,A107K10JTO8NSH,5.0
B00HVT170U,A100WO06OQR8BQ,1.0
B00HXT8S9G,A1016Q5UDME15Z,5.0
B00HY65LNY,A10AFVU66A79Y1,4.0
B00HZW7ADQ,A103OG69UZTK9,5.0
B00I02300C,A10AKZ1VFMNCT4,4.0
B00I0S6SK0,A107K10JTO8NSH,4.0
B00I1024AK,A1007NRYNXDJKL,5.0
B00I475D1M,A108EEYSHGDL6O,5.0
B00I482L2K,A10ARISO1UMIUN,5.0
B00I49H5F2,A10ADBH8H9P880,5.0
B00DR7EMUW,A1016Q5UDME15Z,5.0
B00I4I92C2,A10BMHSLDHDLCL,5.0
B00I59VBH4,A100IX1FUK5IAW,4.0
B00I604K4I,A102YRTA0CBQ6I,4.0
B00I7PAYWO,A108J5O7DG2WIM,4.0
B00IAKLM54,A102I8TQ9R7KFY,4.0
B00ICEWB58,A10B6G6W3DW1EY,5.0
B00ID2HI8O,A101A5HAADYZMO,5.0
B00IDG3PRI,A10ALOMJECNL2H,5.0
B00IE6VA0G,A102XAY1719I61,5.0
B00IEEZATK,A1004703RC79J9,4.0
B00IEX9KNI,A10A36O5200LQK,5.0
B00IEZGWI2,A1007NRYNXDJKL,5.0
B00IF4O7C0,A107XK6EES3FO7,5.0
B00IF70QCW,A109XLG7SJQAIA,5.0
B00IFZ547Q,A10B6G6W3DW1EY,5.0
B00IGHD876,A1016KUT34PNBP,5.0
B00IGIEAAO,A105OCSP35YJG9,5.0
B00IHUWW06,A105OCSP35YJG9,5.0
B00IJ331WY,A1048HOW441Z1L,5.0
B00IJ4AAAY,A1079CQTAUIX6J,5.0
B00IJEF6IK,A1076PTK36UDX2,5.0
B00IJE0ISS,A1053TBGTIEQ8V,4.0
B00IJU0K2Q,A0220159ZRNBTRKLG08H,5.0
B00IM6WPHU,A10AKZ1VFMNCT4,5.0
B00IMALQ94,A0284208PB0CNSHI1OC6,4.0
B00IMNNU0O,A105KC5Q9I3AFM,5.0
B00IMQFWSO,A102UDLRKSYSK8,4.0
B00IN2WIPW,A10063PJ5C9WQQ,5.0
B00INHG5QA,A1053TBGTIEQ8V,4.0
B00INO6JX2,A101A5HAADYZMO,4.0
B00IO3HLF2,A104STAOD80HVD,5.0
B00IOGJ20Q,A1076PTK36UDX2,5.0
B00IOS6EAU,A0743345UFTOA4V1Z7W,4.0
B00IOS19E6,A105PA6B39V8JL,5.0
B00IPNR8CM,A103WOAH50V4K7,5.0
B00IQ7PSY2,A108J5O7DG2WIM,5.0
B00IQBSW28,A102I8TQ9R7KFY,5.0
B00IRVQ0F8,A10ALOMJECNL2H,5.0
B00ISIG6PY,A105S56ODHGJEK,4.0
B00IT9YT9M,A107WMIXVFLZLZ,5.0
B00ITIQI92,A1060TU3IGU2UJ,5.0
B00IVD4E8M,A107XK6EES3FO7,5.0
B00IVPU59W,A10AFVU66A79Y1,5.0
B00IVPU6AU,A10BEX8J0MF8HE,5.0
B00IVPU7KE,A10BHKV1FOS2Y3,5.0
B00IVPU7KE,A10ALOMJECNL2H,5.0
B00IVPU7AO,A107K10JTO8NSH,1.0
B00IWJM9SW,A10471FSILZ25C,4.0
B00IVPU7AO,A103L4TOHGBCXR,5.0
B00IXBTI42,A10ALOMJECNL2H,4.0
B00IZ9SCAI,A1027EV8A9PV1O,5.0
B00IZYWL78,A107D6W94H1V07,5.0
B00J34YO92,A1070OT6C59GDR,5.0
B00J3KA8JG,A1060TU3IGU2UJ,5.0
B00J43Y63Q,A10AFVU66A79Y1,4.0
B00J6DLQ1O,A1087KNFOF40VD,5.0
B00J8DL78O,A107XK6EES3FO7,1.0
B00J8DL78O,A103L4TOHGBCXR,5.0
B00J8E8XT4,A1016KUT34PNBP,5.0
B00J8E8XT4,A1087KNFOF40VD,5.0
B00J8DL78O,A10AFVU66A79Y1,5.0
B00J8SN3D6,A103W1P95BXW9T,5.0
B00J9RO4CU,A103L4TOHGBCXR,5.0
B00JC31SGG,A103W1P95BXW9T,5.0
B00JEJZ1MA,A1087KNFOF40VD,4.0
B00JEPIOOQ,A1053TBGTIEQ8V,5.0
B00JEPIOOQ,A100UD67AHFODS,5.0
B00JEPIOOQ,A1076PTK36UDX2,5.0
B00JEVHZK4,A10AFVU66A79Y1,5.0
B00JF4CUFK,A108GOZ37A7B75,5.0
B00JFJUCH8,A10BEX8J0MF8HE,5.0
B00JG67N36,A0289048PRWFY7ZXQKCD,4.0
B00JG7CRYU,A103L4TOHGBCXR,5.0
B00JGZQ17Q,A102YRTA0CBQ6I,5.0
B00JHKSKZQ,A10BEX8J0MF8HE,5.0
B00JJJARWO,A101A5HAADYZMO,5.0
B00JK09BHE,A103W1P95BXW9T,5.0
B00JKALWH6,A104STAOD80HVD,5.0
B00JKCH4X0,A1070OT6C59GDR,5.0
B00JLADMU0,A103W1P95BXW9T,5.0
B00JLHW0JC,A102YRTA0CBQ6I,5.0
B00JO64EEO,A1007NRYNXDJKL,5.0
B00JOQ1JHY,A105OCSP35YJG9,5.0
B00JQ7TD2E,A104STAOD80HVD,5.0
B00JQTO8TU,A10B6G6W3DW1EY,5.0
B00JQTO8TU,A0220159ZRNBTRKLG08H,5.0
B00JQTO8TU,A1016KUT34PNBP,5.0
B00JQTO8TU,A107XK6EES3FO7,5.0
B00JRCQRSQ,A102L0RVI4LHH3,5.0
B00JTBH7MU,A104TBOWU2CH4O,4.0
B00JTV04QQ,A102YRTA0CBQ6I,4.0
B00JUHDYSO,A1079CQTAUIX6J,4.0
B00JVC5QWU,A1049V38EMQL3B,5.0
B00JVKRBDE,A102YRTA0CBQ6I,5.0
B00JW9FV9U,A0220159ZRNBTRKLG08H,5.0
B00JWU75HA,A10AFVU66A79Y1,5.0
B00JX1ZS5O,A104TBOWU2CH4O,4.0
B00JY5HOW4,A108J5O7DG2WIM,5.0
B00JY8C606,A10BMHSLDHDLCL,5.0
B00K2RQDLQ,A102ASNDNXLYU2,5.0
B00K35ZF1Q,A10AFVU66A79Y1,4.0
B00K4NVRRI,A10AKZ1VFMNCT4,5.0
B00K73NSU4,A0220159ZRNBTRKLG08H,5.0
B00K81OTP8,A105S56ODHGJEK,5.0
B00K82RNX2,A1087KNFOF40VD,5.0
B00K899B9Y,A103ST6BOEEN24,5.0
B00K8WCG5M,A108EEYSHGDL6O,5.0
B00KAFOV3M,A103HXJHUQQXAS,5.0
B00KAMPT22,A1053TBGTIEQ8V,5.0
B00KAT0E8O,A10BMHSLDHDLCL,5.0
B00KATWRIY,A1087KNFOF40VD,4.0
B00KB49PXS,A10BPU9QFBFPB2,5.0
B00KCS90Q0,A0289048PRWFY7ZXQKCD,4.0
B00KD5SEPK,A1016KUT34PNBP,4.0
B00KDIT95G,A1004703RC79J9,4.0
B00KDQR1OY,A10AFVU66A79Y1,5.0
B00KFD0SEA,A102L0RVI4LHH3,5.0
B00KFD0SEA,A100WO06OQR8BQ,5.0
B00KFN7BL8,A108XABRHAA9E7,5.0
B00KGI4XBI,A109XLG7SJQAIA,5.0
B00KH07WRC,A108GOZ37A7B75,4.0
B00KH8Q3M4,A105OCSP35YJG9,5.0
B00KHA2DQM,A1018D502E27E6,4.0
B00KHA2DQM,A10AFVU66A79Y1,5.0
B00KHRSGO8,A0220159ZRNBTRKLG08H,5.0
B00KHRYR0U,A106Z0F1QPUGAX,5.0
B00KJGYS4Y,A104XDJGNKWCWI,5.0
B00KJWXJIO,A103KKI1Y4TFNQ,5.0
B00KLPRQMY,A10BMHSLDHDLCL,5.0
B00KM1QZRY,A101UQFQCCDI3L,5.0
B00KMLGPVK,A0955928C2RRWOWZN7UC,4.0
B00KMRGB7C,A1097BZAQ88RQD,5.0
B00KN9UC3I,A0986263H7SX62P1SRDD,5.0
B00KO3DB68,A1049V38EMQL3B,5.0
B00KOUIZBC,A1048HOW441Z1L,4.0
B00KOUK448,A109KHEJL08HW9,5.0
B00KR0QHXW,A102ASNDNXLYU2,5.0
B00KS3F7JI,A107WMIXVFLZLZ,5.0
B00KT3Z2OM,A105KC5Q9I3AFM,5.0
B00KT7DOR0,A10B6G6W3DW1EY,4.0
B00KT7DOR0,A10BMHSLDHDLCL,5.0
B00KT7DOR0,A105TOJ6LTVMBG,5.0
B00KT7DOR0,A0743345UFTOA4V1Z7W,5.0
B00KW3MTBS,A1027EV8A9PV1O,5.0
B00KWR8Q9S,A100UD67AHFODS,5.0
B00KXN1F1W,A100WO06OQR8BQ,5.0
B00KXVBB3Q,A102I8TQ9R7KFY,5.0
B00KYTS3TM,A1004703RC79J9,4.0
B00L0KZPP4,A10BPU9QFBFPB2,5.0
B00L0YLK2M,A107466OOBXHH7,4.0
B00L0ZL4UE,A109KHEJL08HW9,5.0
B00L0YXCKA,A107466OOBXHH7,5.0
B00L1LXOWS,A1027EV8A9PV1O,5.0
B00L0YLRUW,A102L0RVI4LHH3,5.0
B00L21Q5LY,A107WLZKBEB93Y,4.0
B00L3850X0,A103KKI1Y4TFNQ,5.0
B00L3KO5WK,A100IX1FUK5IAW,5.0
B00L3KO5WK,A1074GBGMK6136,5.0
B00L3KO5WK,A10BPU9QFBFPB2,5.0
B00L3KO5WK,A1048HOW441Z1L,2.0
B00L3KO5WK,A102ASNDNXLYU2,5.0
B00L3OZK1G,A10B6G6W3DW1EY,5.0
B00L3ZQ0KA,A1049V38EMQL3B,4.0
B00L6IQQAI,A103OG69UZTK9,5.0
B00L9R3AKA,A104XDJGNKWCWI,5.0
B00LA8LSLG,A102UDLRKSYSK8,5.0
B00LAK5JQ4,A10BMHSLDHDLCL,5.0
B00LBIOQFA,A0220159ZRNBTRKLG08H,5.0
B00LCKPETY,A102SZ9XZ1CK7Q,5.0
B00LE4U3NK,A0955928C2RRWOWZN7UC,4.0
B00LEFYIEE,A109XLG7SJQAIA,5.0
B00LF10KTE,A107466OOBXHH7,4.0
B00LGWH94G,A105S56ODHGJEK,5.0
B00LHERVM8,A10B6G6W3DW1EY,5.0
B00LIXJ0OU,A1018D502E27E6,5.0
B00LJLK3RO,A107T5GYZZ3ZRP,5.0
B00LLEN5FQ,A0579276Y8S37XMMI539,4.0
B00LLEN5FQ,A10ALOMJECNL2H,5.0
B00LLEODCK,A10BEX8J0MF8HE,5.0
B00LLEODCK,A107D6W94H1V07,5.0
B00LLEODCK,A10B6G6W3DW1EY,5.0
B00LLTEQYK,A07936821FOVJO6NP4Q8,5.0
B00LN3LQKQ,A107466OOBXHH7,5.0
B00LP3AMC2,A10BEX8J0MF8HE,5.0
B00LP6CFEC,A102ASNDNXLYU2,5.0
B00LPIR96Y,A103W1P95BXW9T,5.0
B00LS31KQG,A10B6G6W3DW1EY,5.0
B00LS5NFQ2,A10B6G6W3DW1EY,4.0
B00LSGKEC4,A1087KNFOF40VD,5.0
B00LTLMNZ4,A100IX1FUK5IAW,5.0
B00LUH1N4O,A1087KNFOF40VD,5.0
B00LULV4V2,A10ALOMJECNL2H,5.0
B00LV8TZAG,A1045NW0WUEBP8,5.0
B00LVGIH7U,A0986263H7SX62P1SRDD,5.0
B00LVQ7KQO,A10B6G6W3DW1EY,5.0
B00LVRMTKA,A10AFVU66A79Y1,5.0
B00LX12HSI,A108EEYSHGDL6O,4.0
B00M0RHPYU,A102SZ9XZ1CK7Q,5.0
B00M185UJU,A100UD67AHFODS,5.0
B00M1KYMEM,A10AFOU40FPKMQ,5.0
B00M2UK8A8,A104STAOD80HVD,5.0
B00M55BS36,A0955928C2RRWOWZN7UC,4.0
B00M55C0NS,A1079CQTAUIX6J,5.0
B00M562LF4,A10A36O5200LQK,5.0
B00M55C0NS,A101UQFQCCDI3L,5.0
B00M55C0NS,A0743345UFTOA4V1Z7W,5.0
B00M55C1I2,A105OEUBD1FCR3,5.0
B00M55C1I2,A108XABRHAA9E7,4.0
B00M55C0NS,A10ALOMJECNL2H,5.0
B00M55C0NS,A0986263H7SX62P1SRDD,5.0
B00M7LV9TQ,A103ST6BOEEN24,5.0
B00M7V0A32,A1049V38EMQL3B,5.0
B00M8ABEIM,A103WOAH50V4K7,5.0
B00M8LB418,A10ADBH8H9P880,5.0
B00M92SWZ2,A109KHEJL08HW9,5.0
B00M9G5Y8Q,A0220159ZRNBTRKLG08H,5.0
B00MBFPT1W,A0955928C2RRWOWZN7UC,4.0
B00MBFPT1W,A102UDLRKSYSK8,5.0
B00MEWT3AU,A0986263H7SX62P1SRDD,5.0
B00MEWRHP8,A107T5GYZZ3ZRP,5.0
B00MFDT894,A102SZ9XZ1CK7Q,5.0
B00MHGOGUK,A107T5GYZZ3ZRP,5.0
B00MIBN71I,A1016Q5UDME15Z,5.0
B00MLYV5XY,A102SZ9XZ1CK7Q,5.0
B00MMLUYQK,A10B6G6W3DW1EY,5.0
B00MN657FW,A1076PTK36UDX2,5.0
B00MQ97QGE,A104XDJGNKWCWI,5.0
B00MRVJY5C,A102L0RVI4LHH3,5.0
B00MSONTVS,A1070OT6C59GDR,5.0
B00MU00IOQ,A109XLG7SJQAIA,4.0
B00MU4RLM4,A100WO06OQR8BQ,5.0
B00MWHG3Z0,A103L4TOHGBCXR,5.0
B00MXQM9WG,A10BMHSLDHDLCL,5.0
B00MYA3A4C,A10B6G6W3DW1EY,5.0
B00N1BRWLA,A10B6G6W3DW1EY,4.0
B00N1SSWXU,A105S56ODHGJEK,5.0
B00N2ROH0C,A1004703RC79J9,5.0
B00N2S6W86,A104TBOWU2CH4O,4.0
B00N2VIALK,A1074GBGMK6136,5.0
B00N3J8NRW,A10A36O5200LQK,4.0
B00N41UTWG,A10BMHSLDHDLCL,5.0
B00N4SISXQ,A108XABRHAA9E7,5.0
B00N5TL7WI,A1060TU3IGU2UJ,5.0
B00N6AWQ5I,A103L4TOHGBCXR,5.0
B00N6V1OV4,A1045NW0WUEBP8,4.0
B00N9BQ9ES,A0220159ZRNBTRKLG08H,5.0
B00NAWDI0E,A100WO06OQR8BQ,4.0
B00NBR70A2,A0743345UFTOA4V1Z7W,5.0
B00NBUTHLE,A1076PTK36UDX2,5.0
B00NBZV6I6,A105S56ODHGJEK,5.0
B00NC77O0W,A100IX1FUK5IAW,5.0
B00ND4DV9M,A108J5O7DG2WIM,4.0
B00NDWBGHS,A107466OOBXHH7,5.0
B00NEMGCRQ,A107466OOBXHH7,5.0
B00NEMG62M,A10B6G6W3DW1EY,5.0
B00NEQ0ABQ,A101A5HAADYZMO,5.0
B00NH11KIK,A103KKI1Y4TFNQ,5.0
B00NH136GE,A1016Q5UDME15Z,5.0
B00NH12YN0,A105OCSP35YJG9,5.0
B00NH13YHK,A107WLZKBEB93Y,4.0
B00NH12O5I,A10AARPB3N0GZM,5.0
B00NH13W2W,A107WLZKBEB93Y,4.0
B00NH5T1MS,A107466OOBXHH7,5.0
B00NHDFVRE,A105KC5Q9I3AFM,5.0
B00NI04S9I,A1087KNFOF40VD,5.0
B00NI3CSIS,A10BMHSLDHDLCL,5.0
B00NIYNU66,A0955928C2RRWOWZN7UC,4.0
B00NIYJKL0,A0955928C2RRWOWZN7UC,4.0
B00NIYNU8E,A103L4TOHGBCXR,5.0
B00NIYJL64,A0955928C2RRWOWZN7UC,4.0
B00NIYJL64,A103L4TOHGBCXR,5.0
B00NIYJF6U,A0955928C2RRWOWZN7UC,4.0
B008SCCKCS,A105S56ODHGJEK,5.0
B00NJTX6ZU,A100WO06OQR8BQ,5.0
B00NMPKVRM,A108GOZ37A7B75,5.0
B00NMVJQS6,A102UDLRKSYSK8,5.0
B00NNY1SNI,A1074GBGMK6136,5.0
B00NO73IN2,A109KHEJL08HW9,5.0
B00NOG716S,A100WO06OQR8BQ,5.0
B00NOSJRIQ,A103W1P95BXW9T,5.0
B00NOYHHLY,A10AFVU66A79Y1,4.0
B00NQ19MUE,A10A36O5200LQK,5.0
B00NQVWIKK,A10471FSILZ25C,4.0
B00NSIPXCG,A100UD67AHFODS,5.0
B00NTZ0JMW,A103L4TOHGBCXR,5.0
B00NUB333W,A103ST6BOEEN24,5.0
B00NUSZCAC,A103WOAH50V4K7,5.0
B00NUSZ9UA,A103WOAH50V4K7,5.0
B00NWRO2OI,A100WO06OQR8BQ,5.0
B00NXOMA8A,A1016Q5UDME15Z,5.0
B00NYGUI68,A100IX1FUK5IAW,5.0
B00O28ARPY,A1004703RC79J9,5.0
B00O4GAE8Y,A1007NRYNXDJKL,5.0
B00O5E0MK0,A0289048PRWFY7ZXQKCD,4.0
B00O8FYUJA,A1016Q5UDME15Z,5.0
B00OBQ59UK,A107D6W94H1V07,5.0
B00OBRE5UE,A10B6G6W3DW1EY,5.0
B00OBRE5UE,A1013Q9SD2KIE1,5.0
B00OBRE5UE,A1016Q5UDME15Z,5.0
B00ODDEABK,A1074GBGMK6136,5.0
B00ODYY88E,A105S56ODHGJEK,5.0
B00OFLMMK6,A1049V38EMQL3B,5.0
B00OGOX6PC,A103W1P95BXW9T,5.0
B00OH4W2M4,A1053TBGTIEQ8V,4.0
B00OJ3UJ2S,A104XDJGNKWCWI,5.0
B00OJ3UJ2S,A102I8TQ9R7KFY,1.0
B00OJ5WBUE,A10ALOMJECNL2H,4.0
B00OKT5H8C,A108AVZFCZ3UWD,4.0
B00OLOIJG8,A103OG69UZTK9,4.0
B00OLZCD5K,A103W1P95BXW9T,5.0
B00OQUV1QM,A102UDLRKSYSK8,4.0
B00OV41MCG,A103L4TOHGBCXR,5.0
B00OXWKDLM,A107T5GYZZ3ZRP,5.0
B00OZ10FI2,A1087KNFOF40VD,5.0
B00P620DPY,A10BEX8J0MF8HE,5.0
B00P7EVST6,A102L0RVI4LHH3,5.0
B00PAAFO3I,A10AFOU40FPKMQ,5.0
B00PBKL34G,A0955928C2RRWOWZN7UC,4.0
B00PEPIWNI,A104TBOWU2CH4O,5.0
B00PGTOX26,A101UQFQCCDI3L,5.0
B00PGXOXPO,A0986263H7SX62P1SRDD,5.0
B00PHL85XG,A10ARISO1UMIUN,5.0
B00PI62YVO,A102ASNDNXLYU2,5.0
B00PIWB2SO,A0955928C2RRWOWZN7UC,4.0
B00PJ3LSIG,A10A36O5200LQK,5.0
B00PJ8YTVO,A1049V38EMQL3B,5.0
B00PL86T5Q,A100UD67AHFODS,5.0
B00PLFTJMO,A10ARISO1UMIUN,5.0
B00PLBXUMS,A0955928C2RRWOWZN7UC,4.0
B00PLENYXK,A108J5O7DG2WIM,5.0
B00PMMBBSG,A103L4TOHGBCXR,5.0
B00PNGM8UQ,A0986263H7SX62P1SRDD,5.0
B00PR7E4DU,A1097BZAQ88RQD,5.0
B00PZZZN84,A1074GBGMK6136,5.0
B00Q1UDHS0,A10BMHSLDHDLCL,5.0
B00Q2ND632,A108GOZ37A7B75,4.0
B00Q2VPI8A,A1099Y358WEMU3,5.0
B00Q7FU5YS,A107466OOBXHH7,5.0
B00Q8I0ELS,A10AKZ1VFMNCT4,5.0
B00QB5JKD6,A107T5GYZZ3ZRP,5.0
B00QC1207M,A10B6G6W3DW1EY,5.0
B00QF625C4,A102YRTA0CBQ6I,5.0
B00QF5MXFY,A1049V38EMQL3B,5.0
B00QFWWZQO,A10BPU9QFBFPB2,5.0
B00QFZ3DVM,A103W1P95BXW9T,5.0
B00QGRYACA,A103HXJHUQQXAS,5.0
B00QIIIQMC,A10AKZ1VFMNCT4,4.0
B00QJEXT4K,A1087KNFOF40VD,5.0
B00QRLTK9I,A1079CQTAUIX6J,5.0
B00QRRZ2QM,A1018D502E27E6,5.0
B00QV2KJJS,A10A36O5200LQK,5.0
B00QZD6LFY,A0579276Y8S37XMMI539,4.0
B00QZD6LFY,A1053TBGTIEQ8V,5.0
B00R0KQ9W6,A102UDLRKSYSK8,5.0
B00R7LXR7S,A1070OT6C59GDR,5.0
B00R8K8WHI,A108J5O7DG2WIM,5.0
B00R92CICA,A102L0RVI4LHH3,5.0
B00R92CLCW,A10BEX8J0MF8HE,5.0
B00R9O0PY6,A1079CQTAUIX6J,5.0
B00RBGYGPG,A1016KUT34PNBP,5.0
B00RD2PD3W,A107WMIXVFLZLZ,5.0
B00RFLGH5E,A101OAAMZYWQ3U,5.0
B00RFLGH5E,A107WLZKBEB93Y,5.0
B00RGDCBW4,A10AFVU66A79Y1,5.0
B00RH09P0M,A10AFOU40FPKMQ,5.0
B00RKNO06K,A1070OT6C59GDR,5.0
B00RN08I86,A0289048PRWFY7ZXQKCD,4.0
B00RVIGY1I,A1048HOW441Z1L,4.0
B00RWH6GY8,A1013Q9SD2KIE1,4.0
B00RXNUUAW,A104XDJGNKWCWI,5.0
B00S5V68MA,A106TZO4J5G1WQ,5.0
B00S6DBGJM,A10AFVU66A79Y1,5.0
B00S6DBGIS,A102L0RVI4LHH3,5.0
B00S6DBGIS,A10AFVU66A79Y1,5.0
B00S8GU03A,A1087KNFOF40VD,5.0
B00S9Q9VS4,A109XLG7SJQAIA,4.0
B00SC9F1SW,A108J5O7DG2WIM,5.0
B00SCBWF52,A10B6G6W3DW1EY,5.0
B00SET896Q,A0220159ZRNBTRKLG08H,5.0
B00SG473S4,A1099Y358WEMU3,5.0
B00SLVB71Q,A10AKZ1VFMNCT4,5.0
B00SM4CSG0,A1049V38EMQL3B,5.0
B00SMCHP24,A1070OT6C59GDR,5.0
B00SNCLGL4,A10B6G6W3DW1EY,5.0
B00SNCLGL4,A1016KUT34PNBP,5.0
B00SR04FII,A10ALOMJECNL2H,5.0
B00SRV4B04,A108J5O7DG2WIM,5.0
B00SS3EWG4,A102UDLRKSYSK8,5.0
B00STP874O,A108GOZ37A7B75,4.0
B00STP86CW,A102ASNDNXLYU2,5.0
B00SWL0L9Y,A1087KNFOF40VD,5.0
B00SYENY0M,A1045NW0WUEBP8,5.0
B00T2UPLE4,A1079CQTAUIX6J,4.0
B00T5XQE3U,A10B6G6W3DW1EY,5.0
B00TA64VAK,A102UDLRKSYSK8,4.0
B00TAD56DE,A0220159ZRNBTRKLG08H,5.0
B00TB28JOM,A1018D502E27E6,4.0
B00TBELEY2,A0817634JN8YPQ7L8C4V,5.0
B007I5JT4S,A10B6G6W3DW1EY,5.0
B00TGIVRYU,A102I8TQ9R7KFY,5.0
B00TGIW1XG,A104STAOD80HVD,5.0
B00TGJHPGS,A1087KNFOF40VD,5.0
B00THKEKEQ,A1079CQTAUIX6J,4.0
B00TIJMF84,A104XDJGNKWCWI,5.0
B00TIJLF0I,A1074GBGMK6136,5.0
B00TITSQXM,A103L4TOHGBCXR,5.0
B00TOVTZ7K,A10AFOU40FPKMQ,5.0
B00TPMEOYM,A10AFVU66A79Y1,4.0
B00TQYC9PA,A103L4TOHGBCXR,5.0
B00TTAVVHI,A1079CQTAUIX6J,5.0
B00TTLGHSK,A103L4TOHGBCXR,5.0
B00TTVMFD6,A10AFVU66A79Y1,5.0
B00TYFCJOM,A10B6G6W3DW1EY,4.0
B00TYJTUSG,A1074GBGMK6136,5.0
B00TYZLHMC,A108XABRHAA9E7,5.0
B00U82O92U,A104STAOD80HVD,5.0
B00U9AIRP6,A1016KUT34PNBP,5.0
B00UAA4J6G,A104XDJGNKWCWI,5.0
B00UBGG7LO,A105KC5Q9I3AFM,5.0
B00UBSL2TO,A10AFVU66A79Y1,5.0
B00UCULCT6,A105KC5Q9I3AFM,5.0
B00UGA6QIE,A10BMHSLDHDLCL,5.0
B00UGBY03G,A10AFVU66A79Y1,5.0
B00UJ3IREE,A10AARPB3N0GZM,5.0
B00UJ3IREE,A102EC3XGCBZ81,5.0
B00UMVFJW6,A10AFVU66A79Y1,4.0
B00UMVFJW6,A10BMHSLDHDLCL,5.0
B00UNMZIL6,A10AFVU66A79Y1,5.0
B00UUCJRFW,A108EEYSHGDL6O,5.0
B00UYTT3I2,A10ALOMJECNL2H,5.0
B00V3B9MIG,A10AFVU66A79Y1,4.0
B00V4I8R1Q,A10AARPB3N0GZM,5.0
B00V7ZZSGS,A108XABRHAA9E7,5.0
B00V9FN1R4,A102ASNDNXLYU2,5.0
B00V9XEGU2,A1079CQTAUIX6J,5.0
B00VAGX6MW,A10BMHSLDHDLCL,5.0
B00VO7VOUI,A10ALOMJECNL2H,5.0
B00VRGMR7U,A1004703RC79J9,5.0
B00VWEK4IG,A1013Q9SD2KIE1,5.0
B00VWVZ0V0,A107XK6EES3FO7,5.0
B00VXPRQUI,A108XABRHAA9E7,5.0
B00VZXRKWW,A10ALOMJECNL2H,5.0
B00W2T70IM,A107T5GYZZ3ZRP,5.0
B00W74BB6Y,A0955928C2RRWOWZN7UC,4.0
B00W77CJTY,A10A36O5200LQK,4.0
B00W8XXRPM,A10BPU9QFBFPB2,5.0
B00W8XXRPM,A107T5GYZZ3ZRP,5.0
B00W8XXRPM,A10B6G6W3DW1EY,5.0
B00W98IJ0O,A102UDLRKSYSK8,5.0
B00WAS1FX6,A104STAOD80HVD,5.0
B00WCWYKUU,A1004703RC79J9,5.0
B00WIHV4EO,A10ALOMJECNL2H,4.0
B00WJ3AB14,A0955928C2RRWOWZN7UC,4.0
B00WJYU7AI,A103WOAH50V4K7,4.0
B00WMCUHCA,A105KC5Q9I3AFM,4.0
B00WREWHPS,A10B6G6W3DW1EY,5.0
B00WS63GZK,A108YS80LQZ0SO,5.0
B00WSCOS4C,A104TBOWU2CH4O,4.0
B00WSJSFJY,A10A36O5200LQK,5.0
B00WUDCO3G,A108GOZ37A7B75,5.0
B00WUI3BX8,A107T5GYZZ3ZRP,5.0
B00WUJ00XQ,A10AFVU66A79Y1,5.0
B00WUKULAC,A10B6G6W3DW1EY,4.0
B00WWI9UW2,A100UD67AHFODS,5.0
B00X140GW4,A10BEX8J0MF8HE,5.0
B00X1404T4,A10B6G6W3DW1EY,5.0
B00X13ZZGM,A101UQFQCCDI3L,5.0
B00X3XK7U4,A10A36O5200LQK,4.0
B00X5X2NXQ,A10AFVU66A79Y1,5.0
B00X5X1XXW,A1004703RC79J9,4.0
B00X71ZGOE,A106TZO4J5G1WQ,5.0
B00X9WH2A2,A1097BZAQ88RQD,5.0
B00XAVW1WQ,A108AVZFCZ3UWD,4.0
B00XBVNWR8,A103W1P95BXW9T,5.0
B00XHT9HBY,A102SVOH0JD2RP,5.0
B00XIVVDD6,A108XABRHAA9E7,4.0
B00XIYG1YY,A1004703RC79J9,5.0
B00XJ3A9DI,A107CTGSINY3GJ,5.0
B00XLSS79Y,A10AFVU66A79Y1,5.0
B00XN1P9QI,A103HXJHUQQXAS,5.0
B00XNKHSZO,A10AKZ1VFMNCT4,4.0
B00XNMXYBY,A1060TU3IGU2UJ,5.0
B00XNMXJ0A,A10ADBH8H9P880,5.0
B00XNOYHY0,A10B6G6W3DW1EY,5.0
B00XSXQN5W,A1070OT6C59GDR,5.0
B00XVAR0OA,A103WOAH50V4K7,5.0
B00Y095HY6,A10A36O5200LQK,4.0
B00Y4663GG,A104TBOWU2CH4O,4.0
B00Y4FF1OM,A105KC5Q9I3AFM,5.0
B00Y7Y15IQ,A10AKZ1VFMNCT4,5.0
B00YBCKWXS,A107WMIXVFLZLZ,5.0
B00YBCIV0Y,A10AFOU40FPKMQ,4.0
B00YFJT29C,A1016Q5UDME15Z,5.0
B00YGZ7KSK,A107K10JTO8NSH,4.0
B00YHL1RJG,A0289048PRWFY7ZXQKCD,4.0
B00YHMZRUA,A10ADBH8H9P880,5.0
B00YO9P008,A1097BZAQ88RQD,5.0
B00YOJB5WU,A1097BZAQ88RQD,5.0
B00YOVI6UW,A10AKZ1VFMNCT4,5.0
B00YR03RSG,A100UD67AHFODS,5.0
B00YR6BMS2,A1016Q5UDME15Z,5.0
B00YS5DRJY,A102SVOH0JD2RP,5.0
B00YT70M4Y,A107D6W94H1V07,4.0
B00Z05JMKO,A104STAOD80HVD,4.0
B00Z6XGX98,A10AKZ1VFMNCT4,4.0
B00ZDXCHAU,A107D6W94H1V07,5.0
B00ZLVU94K,A102XAY1719I61,5.0
B00ZV1ERSE,A108XABRHAA9E7,5.0
B010053574,A107D6W94H1V07,5.0
B0106JCS2C,A107T5GYZZ3ZRP,5.0
B0106JFW5W,A07936821FOVJO6NP4Q8,5.0
B0108TIT3M,A1049V38EMQL3B,5.0
B010B0W1DW,A105KC5Q9I3AFM,5.0
B010FM32MA,A1074GBGMK6136,4.0
B010LHRFM2,A102SZ9XZ1CK7Q,5.0
B010MS67ZG,A100UD67AHFODS,5.0
B010N1SPRK,A1007NRYNXDJKL,5.0
B010Q29YF8,A103KKI1Y4TFNQ,5.0
B010OYASRG,A0955928C2RRWOWZN7UC,4.0
B010Q57SEE,A1079CQTAUIX6J,5.0
B010Q57SEE,A101UQFQCCDI3L,5.0
B010SDAXUK,A104STAOD80HVD,5.0
B0111HRJT0,A0289048PRWFY7ZXQKCD,3.0
B0111HRJT0,A105KC5Q9I3AFM,5.0
B011842JB4,A0289048PRWFY7ZXQKCD,5.0
B01197EO2W,A10AFVU66A79Y1,5.0
B0119RCQWW,A107D6W94H1V07,5.0
B0119U39I4,A0220159ZRNBTRKLG08H,4.0
B011AJRSK4,A0284208PB0CNSHI1OC6,4.0
B011AX3ZWK,A1097BZAQ88RQD,5.0
B011EFAB8K,A108EEYSHGDL6O,5.0
B011ITKLFU,A10AKZ1VFMNCT4,5.0
B011KFQASE,A1079CQTAUIX6J,4.0
B011OUTBSG,A10AFVU66A79Y1,5.0
B011QDGWVU,A0284208PB0CNSHI1OC6,5.0
B011QJMNUS,A103L4TOHGBCXR,5.0
B011U2AHWC,A1049V38EMQL3B,5.0
B011U2AHWC,A10ARISO1UMIUN,5.0
B011U2AHWC,A102UDLRKSYSK8,5.0
B011WAZILW,A107D6W94H1V07,5.0
B011WBI4S0,A100UD67AHFODS,5.0
B0122NXEEG,A101UQFQCCDI3L,5.0
B01273K15G,A10BEX8J0MF8HE,5.0
B012AYHYYI,A1097BZAQ88RQD,5.0
B012CHCG5K,A1048HOW441Z1L,4.0
B012H2OPUY,A1097BZAQ88RQD,5.0
B012PKPIEU,A108J5O7DG2WIM,5.0
B012PKYVT8,A108J5O7DG2WIM,5.0
B012Q03QN4,A102SZ9XZ1CK7Q,4.0
B012PZZVW4,A10ALOMJECNL2H,5.0
B0131JSMPG,A1016Q5UDME15Z,5.0
B0131PBN6U,A10471FSILZ25C,5.0
B013CCTM2E,A1013Q9SD2KIE1,5.0
B013CP3KZ6,A0579276Y8S37XMMI539,5.0
B013CP5IWO,A101UQFQCCDI3L,5.0
B013CP5F90,A105KC5Q9I3AFM,5.0
B013G4C6O4,A100IX1FUK5IAW,5.0
B013G4EEVW,A100IX1FUK5IAW,5.0
B013J7L6BW,A102I8TQ9R7KFY,5.0
B013J7P7SK,A103WOAH50V4K7,5.0
B013JDNN3K,A1016Q5UDME15Z,5.0
B013MC8H2A,A10BMHSLDHDLCL,5.0
B013RFPOEG,A0743345UFTOA4V1Z7W,5.0
B013VD570K,A10BEX8J0MF8HE,5.0
B013WODZH0,A10B6G6W3DW1EY,4.0
B013WODZH0,A107WLZKBEB93Y,5.0
B013WQINNE,A10AKZ1VFMNCT4,5.0
B013WUWH2I,A102YRTA0CBQ6I,5.0
B013X8T8BC,A108GOZ37A7B75,5.0
B013Z21ZJE,A1016Q5UDME15Z,5.0
B0142BEC88,A10BEX8J0MF8HE,5.0
B0143IIP4W,A108EEYSHGDL6O,5.0
B0143IIP4W,A1079CQTAUIX6J,5.0
B0144AAIWQ,A1045NW0WUEBP8,5.0
B0144ARCNY,A10B6G6W3DW1EY,5.0
B0145K5DNY,A10BEX8J0MF8HE,4.0
B014658DS0,A1048HOW441Z1L,5.0
B0147EXXIA,A10AKZ1VFMNCT4,4.0
B014E8GY2Q,A1049V38EMQL3B,5.0
B014I8U33I,A104TBOWU2CH4O,4.0
B014JFMLS0,A10AFVU66A79Y1,4.0
B014QO0GT0,A1097BZAQ88RQD,5.0
B014QVM2AY,A102XAY1719I61,5.0
B014QVM2KO,A10B6G6W3DW1EY,4.0
B014VI1BDQ,A107D6W94H1V07,4.0
B014ZT6QWC,A103KKI1Y4TFNQ,5.0
B0150LE676,A101A5HAADYZMO,5.0
B0151F8KTQ,A105TOJ6LTVMBG,4.0
B0151RKYBG,A1018D502E27E6,4.0
B01533R9YI,A102XAY1719I61,5.0
B0154YG15O,A108EEYSHGDL6O,5.0
B01578ZK9A,A10BMHSLDHDLCL,5.0
B0157DKAU4,A108GOZ37A7B75,5.0
B0157UQ5A6,A1013Q9SD2KIE1,4.0
B015BMSQS4,A101UQFQCCDI3L,5.0
B015CLLE60,A102XAY1719I61,4.0
B015HSS44I,A1070OT6C59GDR,5.0
B015JGW7ZU,A10AKZ1VFMNCT4,4.0
B015JGW7ZU,A10AFVU66A79Y1,3.0
B015JIAB7E,A10AFVU66A79Y1,4.0
B015JV4QHC,A102EC3XGCBZ81,5.0
B015LSEUS8,A1007NRYNXDJKL,5.0
B015ODMAQ4,A10B6G6W3DW1EY,5.0
B015PRO512,A1016Q5UDME15Z,5.0
B015QJ0X1U,A108EEYSHGDL6O,5.0
B015RIVW06,A10063PJ5C9WQQ,4.0
B015S0Y50M,A102L0RVI4LHH3,5.0
B015SC2I90,A106Z0F1QPUGAX,4.0
B015WCV70W,A102XAY1719I61,5.0
B015Z7XE0A,A103ST6BOEEN24,5.0
B015ZGXGI6,A101GFBK6M7TA9,5.0
B01606MZ8W,A10A36O5200LQK,5.0
B0160KTTD2,A10ALOMJECNL2H,5.0
B01621M1S4,A102L0RVI4LHH3,5.0
B0163HP38W,A10A36O5200LQK,5.0
B0168YIWSI,A10A36O5200LQK,5.0
B016AHYRNW,A1074GBGMK6136,5.0
B016BENMDK,A102UDLRKSYSK8,5.0
B016CJ4RCO,A107XK6EES3FO7,5.0
B016CU2PEU,A1045NW0WUEBP8,5.0
B016HI2N9E,A10BPU9QFBFPB2,5.0
B016LMA5RI,A103OG69UZTK9,5.0
B016MXPQMA,A1048HOW441Z1L,5.0
B016NUTG5K,A1074GBGMK6136,5.0
B016PMVM7Q,A10BMHSLDHDLCL,5.0
B016QO85WS,A109XLG7SJQAIA,5.0
B0171BS9CG,A105KC5Q9I3AFM,5.0
B0177L6A4O,A10BEX8J0MF8HE,5.0
B017CZZNAM,A103W1P95BXW9T,5.0
B017EADYHE,A102UDLRKSYSK8,5.0
B017ED0726,A102L0RVI4LHH3,5.0
B017GGKIRA,A105TOJ6LTVMBG,5.0
B017H4LSKW,A105KC5Q9I3AFM,5.0
B00SVNGKJ8,A108GOZ37A7B75,5.0
B017IJT434,A10AKZ1VFMNCT4,5.0
B017KI0PJK,A1097BZAQ88RQD,5.0
B017LI9HS4,A10AKZ1VFMNCT4,5.0
B017W72TG6,A107D6W94H1V07,5.0
B01809N39W,A10BPU9QFBFPB2,5.0
B0180GOGBO,A1013Q9SD2KIE1,5.0
B0180NMC5O,A1013Q9SD2KIE1,5.0
B0183JT776,A103L4TOHGBCXR,5.0
B01872MCIA,A1013Q9SD2KIE1,5.0
B018G7CUWY,A1097BZAQ88RQD,5.0
B018HUOQIQ,A1097BZAQ88RQD,5.0
B018Q5D4F8,A10BPU9QFBFPB2,5.0
B018Q5HOBS,A100IX1FUK5IAW,5.0
B018QSBLNW,A103KKI1Y4TFNQ,5.0
B018RP7X0O,A10AFVU66A79Y1,5.0
B018XGI0RW,A1060TU3IGU2UJ,5.0
B018XMPQLO,A102XAY1719I61,5.0
B018Y2LDGK,A0289048PRWFY7ZXQKCD,4.0
B019259XCY,A10AKZ1VFMNCT4,4.0
B0192911RA,A102L0RVI4LHH3,5.0
B01931JAVG,A108GOZ37A7B75,4.0
B019ADOXVY,A1013Q9SD2KIE1,4.0
B019DXKDUG,A100IX1FUK5IAW,4.0
B019H3B6SA,A0579276Y8S37XMMI539,4.0
B019HXTWB8,A1048HOW441Z1L,5.0
B019RWBBB8,A103W1P95BXW9T,5.0
B019SRBRN4,A1016KUT34PNBP,4.0
B019TTJHCO,A1004703RC79J9,4.0
B019VROWAG,A1048HOW441Z1L,5.0
B01A60I4P6,A10AKZ1VFMNCT4,5.0
B01A7J534G,A10BEX8J0MF8HE,5.0
B01A7ROH36,A10BMHSLDHDLCL,5.0
B01AG0DKZ0,A1013Q9SD2KIE1,5.0
B01AG7KKYM,A107D6W94H1V07,5.0
B01AITPXB8,A1076PTK36UDX2,5.0
B01AL7P1FU,A107D6W94H1V07,5.0
B01AMAFEIU,A10BPU9QFBFPB2,5.0
B01ANLA6OU,A1079CQTAUIX6J,5.0
B01ARN28SQ,A107XK6EES3FO7,4.0
B01AROOL12,A102I8TQ9R7KFY,5.0
B01AT2T8YW,A107WMIXVFLZLZ,5.0
B01AUJFWM6,A107D6W94H1V07,4.0
B01AVAYZZE,A10AFVU66A79Y1,4.0
B01AVF6WN2,A10BEX8J0MF8HE,5.0
B01AW0MQJ0,A1013Q9SD2KIE1,5.0
B01AWLPUAG,A10AFVU66A79Y1,5.0
B01B0LX48M,A1097BZAQ88RQD,5.0
B01BGTG41W,A0289048PRWFY7ZXQKCD,4.0
B01BGTG41W,A10B6G6W3DW1EY,4.0
B01BGTG41W,A10BEX8J0MF8HE,5.0
B01BHFDD6E,A10AKZ1VFMNCT4,5.0
B01BKUB6BA,A1049V38EMQL3B,5.0
B01BO2KQTW,A107D6W94H1V07,4.0
B01BO6604S,A1016Q5UDME15Z,5.0
B01BO6604S,A100WO06OQR8BQ,1.0
B01BPNWAJY,A103W1P95BXW9T,5.0
B01BQCHEPY,A1016KUT34PNBP,5.0
B01BU7COO6,A107WMIXVFLZLZ,5.0
B01C3LEE9G,A10ADBH8H9P880,5.0
B01C43FUIW,A1007NRYNXDJKL,5.0
B01C73X4FK,A1049V38EMQL3B,5.0
B01CBVPVFO,A103OG69UZTK9,5.0
B01CD5VC92,A105PA6B39V8JL,4.0
B01CEFLQHY,A107K10JTO8NSH,4.0
B01CG8NEOW,A10BEX8J0MF8HE,5.0
B01CG8NEOW,A102EC3XGCBZ81,4.0
B01CJM9WQY,A107D6W94H1V07,5.0
B01CL0GBS6,A107XK6EES3FO7,5.0
B01CL9JXLY,A10BPU9QFBFPB2,5.0
B01CM85C0K,A1045NW0WUEBP8,5.0
B01CM85C0K,A0220159ZRNBTRKLG08H,5.0
B01CMC50S0,A1007NRYNXDJKL,5.0
B01CPUVPEM,A10AKZ1VFMNCT4,5.0
B01CQ6PWSA,A101UQFQCCDI3L,5.0
B01CTY6SIM,A10AFVU66A79Y1,4.0
B01CWMHK5G,A107D6W94H1V07,4.0
B01CYUECP2,A104TBOWU2CH4O,4.0
B01CZD91MW,A0579276Y8S37XMMI539,5.0
B01CZRIGCO,A107WMIXVFLZLZ,5.0
B01D0JN5HC,A103OG69UZTK9,5.0
B01D3JE0MS,A108AVZFCZ3UWD,5.0
B01D3QZ96M,A102L0RVI4LHH3,5.0
B01D3QZA84,A10AKZ1VFMNCT4,5.0
B01D5H8JW0,A108AVZFCZ3UWD,5.0
B01D5H8YNO,A102I8TQ9R7KFY,5.0
B01D6MZ0YO,A10AKZ1VFMNCT4,4.0
B01D90IBSA,A107D6W94H1V07,5.0
B01D92SSX6,A1013Q9SD2KIE1,4.0
B01DJB45WU,A1007NRYNXDJKL,5.0
B01DOB6Y6A,A10BEX8J0MF8HE,5.0
B01DOJDQYK,A10AFVU66A79Y1,5.0
B01DQ6Q5IA,A108AVZFCZ3UWD,5.0
B01DUK91OM,A1004703RC79J9,5.0
B01DWHPUVQ,A10BMHSLDHDLCL,5.0
B01E3SNO3E,A10B6G6W3DW1EY,5.0
B01E7C8TWW,A103L4TOHGBCXR,5.0
B01EFPX9XA,A106Z0F1QPUGAX,4.0
B01EGCQ4WU,A103ST6BOEEN24,4.0
B01EK06TQY,A1053TBGTIEQ8V,5.0
B01EK76UKW,A105TOJ6LTVMBG,5.0
B01EL4PVFE,A10A6YT9AD02PD,4.0
B01ELZCD04,A10A36O5200LQK,5.0
B01EMPW5Z6,A107WLZKBEB93Y,5.0
B01EO5A4TI,A10AFVU66A79Y1,5.0
B01EO5A4TI,A1013Q9SD2KIE1,2.0
B01ET7BIQY,A1018D502E27E6,4.0
B01F427ZP6,A105KC5Q9I3AFM,5.0
B01F57BNG2,A102L0RVI4LHH3,5.0
B01F5LVTO4,A10BEX8J0MF8HE,5.0
B01F6ILEZK,A07936821FOVJO6NP4Q8,5.0
B01F6U86FY,A100WO06OQR8BQ,5.0
B01FBRKFSI,A105KC5Q9I3AFM,5.0
B01FD8YJB4,A104XDJGNKWCWI,5.0
B01FFV8W76,A1074GBGMK6136,5.0
B01FHJA9JK,A107WLZKBEB93Y,5.0
B01FM3G9TU,A1049V38EMQL3B,5.0
B01FNH5C7U,A1016KUT34PNBP,5.0
B01FSYBQ9Q,A107CTGSINY3GJ,5.0
B01FT5O6JQ,A105KC5Q9I3AFM,5.0
B01G1DL4RW,A108EEYSHGDL6O,5.0
B01G26R7LA,A10A36O5200LQK,5.0
B01G3STJF4,A1049V38EMQL3B,5.0
B01G73Z2U6,A107D6W94H1V07,4.0
B01GA8TO1G,A10B6G6W3DW1EY,4.0
B01GF5AGN4,A1079CQTAUIX6J,4.0
B01GGKYD4Q,A108GOZ37A7B75,5.0
B01GGKYKQM,A108XABRHAA9E7,5.0
B01GI93F76,A1049V38EMQL3B,5.0
B01GKFQCAU,A107WLZKBEB93Y,5.0
B01GUITK24,A108AVZFCZ3UWD,5.0
B01GUIEFJC,A108AVZFCZ3UWD,4.0
B01GW39XII,A1016Q5UDME15Z,5.0
B01GXJTDEU,A107WLZKBEB93Y,5.0
B01H3COF62,A107WMIXVFLZLZ,5.0
B01H3YTWZO,A10BMHSLDHDLCL,5.0
B01H4M3WGK,A10BEX8J0MF8HE,4.0
B01H74VK6Y,A1004703RC79J9,5.0
B01H7KQ1Q2,A10AKZ1VFMNCT4,5.0
B01HB6BIFG,A105KC5Q9I3AFM,5.0
B01HGDFWU6,A107T5GYZZ3ZRP,5.0
B01HI1C02Y,A1049V38EMQL3B,5.0
B01HIS5N3K,A10AFVU66A79Y1,4.0
B01HJDGSWE,A107D6W94H1V07,5.0
9806010728,A10BNT57AVFPUG,5.0
9985692004,A1053TBGTIEQ8V,5.0
B00002EQBV,A101OAAMZYWQ3U,5.0
B00004SZ9F,A10ARISO1UMIUN,5.0
B00004TS1D,A10ARISO1UMIUN,5.0
B00004XOND,A107T5GYZZ3ZRP,5.0
B00004Z5CZ,A10BHKV1FOS2Y3,5.0
B00004Z8BC,A102L0RVI4LHH3,5.0
B00005ABC9,A10471FSILZ25C,5.0
B00005NOKT,A106TZO4J5G1WQ,5.0
B00005T3PD,A105XE9Q2XWWZ3,5.0
B00005Y79X,A105XE9Q2XWWZ3,5.0
B000062YJY,A105XE9Q2XWWZ3,5.0
B0000632GL,A101OAAMZYWQ3U,5.0
B000063K77,A105XE9Q2XWWZ3,5.0
B000063W9F,A105XE9Q2XWWZ3,5.0
B000065UTC,A105OEUBD1FCR3,5.0
B000066CCU,A1027EV8A9PV1O,5.0
B000068IKU,A105XE9Q2XWWZ3,5.0
B000068RKA,A1027EV8A9PV1O,5.0
B00006B6KG,A105XE9Q2XWWZ3,5.0
B00006BA9U,A101GFBK6M7TA9,5.0
B00006I5VX,A101A5HAADYZMO,5.0
B00006JQKM,A107WMIXVFLZLZ,4.0
B00007CW52,A100WO06OQR8BQ,5.0
B00007CW54,A100WO06OQR8BQ,5.0
B00007FHC0,A101OAAMZYWQ3U,5.0
B00008BFJW,A105XE9Q2XWWZ3,5.0
B00009R6AD,A101AENIWYBBS0,5.0
B00009R90I,A109KHEJL08HW9,5.0
B00009V3MF,A101OAAMZYWQ3U,5.0
B00009VX8C,A105KC5Q9I3AFM,5.0
B00009XFVN,A105XE9Q2XWWZ3,5.0
B0000ADY4Y,A101OAAMZYWQ3U,5.0
B0000C88CM,A1053TBGTIEQ8V,4.0
B0000DCK61,A105XE9Q2XWWZ3,5.0
B0000YDY8Q,A10AARPB3N0GZM,4.0
B00011CS0I,A101OAAMZYWQ3U,5.0
B0001GO176,A100UD67AHFODS,5.0
B00022OBXS,A10BHKV1FOS2Y3,4.0
B000233XYU,A101GFBK6M7TA9,5.0
B000234UQA,A105XE9Q2XWWZ3,5.0
B000234UPQ,A105XE9Q2XWWZ3,5.0
B0002GMFE6,A0955928C2RRWOWZN7UC,4.0
B0002GRUV4,A0289048PRWFY7ZXQKCD,4.0
B0002GRL7C,A0543376H9JO8RU1OJJR,5.0
B0002H4YU8,A105OEUBD1FCR3,5.0
B0002HJGUQ,A100UD67AHFODS,5.0
B0002KR1DM,A1053TBGTIEQ8V,5.0
B0002KRBF0,A1053TBGTIEQ8V,4.0
B0002KRB0A,A1053TBGTIEQ8V,5.0
B0002P1A2K,A10471FSILZ25C,4.0
B0002VMSG6,A108EEYSHGDL6O,4.0
B00064NFG6,A1060TU3IGU2UJ,5.0
B00067ARYQ,A105XE9Q2XWWZ3,5.0
B0006DPP10,A108J5O7DG2WIM,4.0
B0006HBBF0,A105TOJ6LTVMBG,5.0
B0006OIZWU,A101OAAMZYWQ3U,4.0
B0006SPSCQ,A103ST6BOEEN24,4.0
B0006VGZDE,A1053TBGTIEQ8V,5.0
B0007L726C,A105XE9Q2XWWZ3,5.0
B0007TY0CI,A105XE9Q2XWWZ3,5.0
B0008MF2UI,A105XE9Q2XWWZ3,5.0
B0009DRSQ2,A10AARPB3N0GZM,5.0
B0009F8DV4,A105PA6B39V8JL,5.0
B0009MHKP2,A105XE9Q2XWWZ3,5.0
B0009QLA18,A10BMHSLDHDLCL,5.0
B000A2K3ZA,A1076PTK36UDX2,5.0
B000BIHMD4,A10AARPB3N0GZM,5.0
B000BIVCP8,A106TZO4J5G1WQ,5.0
B000BJKFIM,A101OAAMZYWQ3U,4.0
B000BNQ0EG,A105XE9Q2XWWZ3,5.0
B000CSDDLI,A1060TU3IGU2UJ,4.0
B000E5249Q,A105OEUBD1FCR3,5.0
B000E5VQOU,A101GFBK6M7TA9,5.0
B000EA1KXC,A108AVZFCZ3UWD,5.0
B000FECBSA,A10BNT57AVFPUG,5.0
B000GBCYF2,A107T5GYZZ3ZRP,5.0
B000HCJ3W2,A101GFBK6M7TA9,5.0
B000HHLU64,A0543376H9JO8RU1OJJR,5.0
B000HVHYJW,A101GFBK6M7TA9,5.0
B000HWTMH8,A105OEUBD1FCR3,5.0
B000IEQU0W,A107WMIXVFLZLZ,5.0
B000IKMBCW,A103ST6BOEEN24,5.0
B000M2O8HC,A103L4TOHGBCXR,5.0
B000MSHK08,A1053TBGTIEQ8V,4.0
B000B7A2RS,A1074GBGMK6136,5.0
B000ND75CU,A105XE9Q2XWWZ3,5.0
B000OCWSNG,A109KHEJL08HW9,5.0
B000P04ZJC,A105XE9Q2XWWZ3,5.0
B000PGDT8O,A100WO06OQR8BQ,5.0
B000QRV3NU,A108GOZ37A7B75,5.0
B000RSOV50,A10BNT57AVFPUG,5.0
B000S35T9Q,A101GFBK6M7TA9,5.0
B000SAJJX6,A101GFBK6M7TA9,5.0
B000T95Q8I,A10BMHSLDHDLCL,5.0
B000TTMJ2E,A101GFBK6M7TA9,5.0
B000UESR4C,A10BNT57AVFPUG,5.0
B0007INC9G,A102EC3XGCBZ81,4.0
B000EDACDI,A101A5HAADYZMO,5.0
B000X38ZO2,A105S56ODHGJEK,5.0
B000X86LXE,A108AVZFCZ3UWD,5.0
B000Z1XK92,A1016Q5UDME15Z,5.0
B0010BLVYC,A10BPU9QFBFPB2,5.0
B0010BRMAO,A07936821FOVJO6NP4Q8,4.0
B0012DHL10,A0817634JN8YPQ7L8C4V,5.0
B00133BAKM,A100UD67AHFODS,5.0
B000LZF24S,A0284208PB0CNSHI1OC6,4.0
B0015C3UB8,A108EEYSHGDL6O,5.0
B00165P3SW,A1027EV8A9PV1O,5.0
B000067S7E,A10AARPB3N0GZM,5.0
B000BSLRCQ,A102I8TQ9R7KFY,5.0
B0017TODPQ,A101GFBK6M7TA9,5.0
B00180IWA6,A0579276Y8S37XMMI539,5.0
B001AVRD62,A102I8TQ9R7KFY,5.0
B001BFZ2OM,A108X1JFG00VOC,4.0
B001C1UJYS,A10BNT57AVFPUG,5.0
B001CBDLP2,A10BHKV1FOS2Y3,4.0
B000F3VFXS,A105XE9Q2XWWZ3,5.0
B001DAFW86,A105XE9Q2XWWZ3,5.0
B001E0FT6A,A109XLG7SJQAIA,5.0
B001FVIU2S,A102SVOH0JD2RP,5.0
B001FXO840,A108GOZ37A7B75,5.0
B001JIBOLQ,A100UD67AHFODS,5.0
B001LF41SK,A105XE9Q2XWWZ3,5.0
B001MVCQ80,A10BEX8J0MF8HE,5.0
B001NCCE1M,A108AVZFCZ3UWD,5.0
B001QWVR6C,A105KC5Q9I3AFM,5.0
B001SOA9SA,A108GOZ37A7B75,4.0
B001TXUUXE,A07936821FOVJO6NP4Q8,4.0
B001U3YJB2,A101GFBK6M7TA9,5.0
B001UU57YI,A1045NW0WUEBP8,5.0
B0024C4RII,A0289048PRWFY7ZXQKCD,4.0
B002CWQ3K0,A107CTGSINY3GJ,5.0
B002Q6RNTM,A10B6G6W3DW1EY,4.0
B002UOIOKC,A105TOJ6LTVMBG,5.0
B002UZ3PNM,A108EEYSHGDL6O,5.0
B002WCQ4DG,A1053TBGTIEQ8V,5.0
B00359EV6M,A0543376H9JO8RU1OJJR,5.0
B003819S74,A101GFBK6M7TA9,5.0
B0039C20F4,A108EEYSHGDL6O,5.0
B003E1WL4A,A0284208PB0CNSHI1OC6,5.0
B003IWSFF4,A101GFBK6M7TA9,5.0
B003M0D0PW,A0817634JN8YPQ7L8C4V,5.0
B003U8HYIA,A1045NW0WUEBP8,5.0
B003VS6YJO,A100UD67AHFODS,4.0
B0041SW98S,A105OCSP35YJG9,5.0
B0043D2LAC,A10BMHSLDHDLCL,5.0
B0044QFDDA,A107CTGSINY3GJ,5.0
B0044YF0PS,A108J5O7DG2WIM,4.0
B00450B500,A0579276Y8S37XMMI539,5.0
B0045IZDDM,A100UD67AHFODS,5.0
B004AA0QO6,A10ALOMJECNL2H,5.0
B004J6DLD4,A10BNT57AVFPUG,5.0
B004K6L37Y,A108EEYSHGDL6O,5.0
B000YDI42Y,A0284208PB0CNSHI1OC6,4.0
B0024FAPRC,A0284208PB0CNSHI1OC6,5.0
B002WZ1BWW,A0284208PB0CNSHI1OC6,5.0
B004MF1BZW,A108GOZ37A7B75,5.0
B004MYEZYW,A105XE9Q2XWWZ3,5.0
B004S7KK6U,A0543376H9JO8RU1OJJR,5.0
B004UL9RFY,A1076PTK36UDX2,5.0
B004W6IFDC,A0579276Y8S37XMMI539,4.0
B004XCC90U,A1099Y358WEMU3,4.0
B004YABSTY,A10BEX8J0MF8HE,5.0
B0050GSZCY,A107T5GYZZ3ZRP,5.0
B0052HX6KW,A108EEYSHGDL6O,4.0
B0052WPO20,A1027EV8A9PV1O,5.0
B0054E3LX0,A07936821FOVJO6NP4Q8,4.0
B0054L5KBE,A1018D502E27E6,5.0
B00552PGC0,A0579276Y8S37XMMI539,5.0
B00552OPYU,A10ALOMJECNL2H,5.0
B0056CQP4M,A10BNT57AVFPUG,5.0
B0056KLG52,A1070OT6C59GDR,5.0
B005AW8N2U,A1070OT6C59GDR,5.0
B005AY5SN0,A103W1P95BXW9T,5.0
B005D6C14Y,A0817634JN8YPQ7L8C4V,5.0
B005EPNT4K,A108EEYSHGDL6O,4.0
B005F5MAKI,A1016Q5UDME15Z,5.0
B005FODVM0,A101UQFQCCDI3L,5.0
B005G49F60,A100UD67AHFODS,5.0
B005G4QXWE,A10BHKV1FOS2Y3,4.0
B005G7H0YG,A10AARPB3N0GZM,5.0
B005GDFOL6,A100UD67AHFODS,5.0
B005GWSCCK,A104XDJGNKWCWI,5.0
B005HP3OYW,A10AKZ1VFMNCT4,4.0
B005MZ5J40,A100WO06OQR8BQ,4.0
B005O65Y3S,A108X1JFG00VOC,4.0
B005OAZHCM,A10BHKV1FOS2Y3,4.0
B005PWKZOO,A10BNT57AVFPUG,5.0
B005QG8KH8,A10ALOMJECNL2H,5.0
B005TCOQIQ,A1076PTK36UDX2,5.0
B005TUQU0A,A10BHKV1FOS2Y3,5.0
B005UH9GI0,A1087KNFOF40VD,5.0
B005UKHFBM,A10ALOMJECNL2H,5.0
B005ZLQ4JK,A1099Y358WEMU3,5.0
B00629H3OY,A102SVOH0JD2RP,5.0
B0062CC20Q,A108EEYSHGDL6O,5.0
B0063E3ZPO,A102L0RVI4LHH3,5.0
B00686I638,A105OEUBD1FCR3,5.0
B006GHAMPE,A108J5O7DG2WIM,5.0
B006H7D4LM,A10BPU9QFBFPB2,5.0
B006LFJAC2,A10BNT57AVFPUG,5.0
B006N05A5Q,A100UD67AHFODS,5.0
B006RCD80E,A108X1JFG00VOC,5.0
B006VZHZ2Y,A10A6YT9AD02PD,4.0
B006YFWLN4,A102XAY1719I61,5.0
B00724X77A,A1070OT6C59GDR,5.0
B00744UFN2,A10BNT57AVFPUG,5.0
B0076PEU1C,A1053TBGTIEQ8V,5.0
B007BDJ5SM,A1087KNFOF40VD,5.0
B007F9F0IG,A107CTGSINY3GJ,5.0
B007H2OHBC,A108GOZ37A7B75,4.0
B007HAW536,A0284208PB0CNSHI1OC6,5.0
B007P6Y1T8,A100UD67AHFODS,5.0
B007PENN9Y,A10BNT57AVFPUG,5.0
B007PPYXNS,A10A6YT9AD02PD,5.0
B007QXZ6AI,A10BMHSLDHDLCL,5.0
B007Y2YW9W,A108AVZFCZ3UWD,4.0
B0088MMO7E,A101AENIWYBBS0,5.0
B0088PUFT0,A101GFBK6M7TA9,5.0
B008J3CJT0,A106Z0F1QPUGAX,5.0
B008VNE1AI,A10BPU9QFBFPB2,5.0
B008Z1X1GG,A102XAY1719I61,5.0
B008NCDH0C,A0289048PRWFY7ZXQKCD,4.0
B0090I9UG8,A100UD67AHFODS,5.0
B0090XWU8S,A0955928C2RRWOWZN7UC,4.0
B0092MHSPM,A105TOJ6LTVMBG,5.0
B0093GPP84,A10BPU9QFBFPB2,5.0
B0095PM3SI,A10BMHSLDHDLCL,5.0
B0097DFS0I,A108J5O7DG2WIM,5.0
B0099WSJQM,A1018D502E27E6,4.0
B0099WB8V0,A102XAY1719I61,4.0
B009ARNWJK,A0579276Y8S37XMMI539,5.0
B009AUPD1C,A108J5O7DG2WIM,5.0
B009EHU4M4,A10BNT57AVFPUG,5.0
B009JD7EA8,A1079CQTAUIX6J,5.0
B009P14HEA,A108AVZFCZ3UWD,4.0
B009SPWUGU,A107XK6EES3FO7,5.0
B009SX6VLC,A10BNT57AVFPUG,5.0
B009X0FQNY,A0579276Y8S37XMMI539,5.0
B009XIOWJU,A10A36O5200LQK,5.0
B009Z7US24,A10063PJ5C9WQQ,5.0
B00ACANBAE,A108AVZFCZ3UWD,5.0
B00AF88C0M,A108X1JFG00VOC,5.0
B00AHC5RRC,A107WMIXVFLZLZ,5.0
B00ARB5FNE,A10BNT57AVFPUG,5.0
B00AW54YWS,A1070OT6C59GDR,5.0
B00AYA77B6,A108GOZ37A7B75,4.0
B00AYASHL0,A10BMHSLDHDLCL,5.0
B00AZ9T2SW,A10A36O5200LQK,5.0
B00B4CSLXG,A103KKI1Y4TFNQ,5.0
B00B4PKV22,A102YRTA0CBQ6I,4.0
B00B5HSC20,A101A5HAADYZMO,5.0
B00B7U0MJG,A104XDJGNKWCWI,4.0
B00BCA41R0,A10BEX8J0MF8HE,5.0
B00BCGMHC0,A0817634JN8YPQ7L8C4V,5.0
B00BEAWM2O,A107WMIXVFLZLZ,4.0
B00BHNNRZY,A103KKI1Y4TFNQ,5.0
B00BN36V5G,A109XLG7SJQAIA,4.0
B00BNI4EYG,A102L0RVI4LHH3,5.0
B00BX9H63Q,A10471FSILZ25C,4.0
B00C3X982S,A0284208PB0CNSHI1OC6,5.0
B00CAC8LJI,A10A6YT9AD02PD,5.0
B00CBD7FIO,A10AFVU66A79Y1,5.0
B00CC7W8D6,A0284208PB0CNSHI1OC6,5.0
B00CDJZTPC,A1007NRYNXDJKL,5.0
B00CFTLKSK,A104STAOD80HVD,5.0
B00CFVOFK8,A0817634JN8YPQ7L8C4V,5.0
B00CGVHJ32,A1070OT6C59GDR,5.0
B00CSTHB8A,A1076PTK36UDX2,5.0
B00CWISC5I,A103KKI1Y4TFNQ,4.0
B00CXACZN0,A0289048PRWFY7ZXQKCD,4.0
B00D4MFPLA,A108EEYSHGDL6O,5.0
B00D60K4AC,A10BHKV1FOS2Y3,4.0
B00DH8YTS6,A1013Q9SD2KIE1,1.0
B00DKWSC1E,A100IX1FUK5IAW,4.0
B00DL1XGYW,A10AKZ1VFMNCT4,4.0
B00DMBGPHG,A0817634JN8YPQ7L8C4V,5.0
B00DNGIWYO,A1053TBGTIEQ8V,5.0
B00DQOO26K,A1045NW0WUEBP8,5.0
B00DTINJ12,A108GOZ37A7B75,5.0
B00DZYOIJ2,A104XDJGNKWCWI,4.0
B00E4FV5DS,A10BNT57AVFPUG,5.0
B00E5AE80E,A0817634JN8YPQ7L8C4V,5.0
B00E7NG5M8,A109XLG7SJQAIA,5.0
B00EKPYDP4,A101GFBK6M7TA9,5.0
B00ENZRP38,A0817634JN8YPQ7L8C4V,5.0
B00EOGG6WC,A1045NW0WUEBP8,5.0
B00EOG9EBC,A0543376H9JO8RU1OJJR,4.0
B00EQAG31A,A1007NRYNXDJKL,5.0
B00EVSMOA6,A102XAY1719I61,5.0
B000RZI6X6,A10BNT57AVFPUG,5.0
B00EWQDC8A,A10BNT57AVFPUG,5.0
B00F3YS89I,A108J5O7DG2WIM,5.0
B00FEM3OKM,A10BNT57AVFPUG,5.0
B00FFKYZ4C,A108EEYSHGDL6O,5.0
B00FQ283QA,A10BNT57AVFPUG,5.0
B00FVM4FZS,A0543376H9JO8RU1OJJR,4.0
B00FXWVJAK,A108EEYSHGDL6O,4.0
B00GGGB0Q0,A1016KUT34PNBP,5.0
B00GGRTDYK,A1099Y358WEMU3,5.0
B00GM42VSC,A101GFBK6M7TA9,5.0
B00GNL7T3Q,A10ADBH8H9P880,5.0
B00GXLS9SA,A104TBOWU2CH4O,4.0
B00H41LCRS,A0986263H7SX62P1SRDD,5.0
B00HH67OI6,A0817634JN8YPQ7L8C4V,5.0
B00HSSH8RU,A0817634JN8YPQ7L8C4V,5.0
B00HUESJJI,A0955928C2RRWOWZN7UC,4.0
B00HY82K86,A10AFOU40FPKMQ,5.0
B00HYAP7XY,A1049V38EMQL3B,5.0
B00I027GPC,A107XK6EES3FO7,5.0
B00I0BM1GW,A101A5HAADYZMO,5.0
B00I6LGGYO,A107K10JTO8NSH,4.0
B00ICGLRB0,A108EEYSHGDL6O,5.0
B00IEOGBF2,A1027EV8A9PV1O,5.0
B00IKGW6Q2,A108J5O7DG2WIM,5.0
B00IOTZDQ0,A107T5GYZZ3ZRP,5.0
B00ITN3ZCK,A1099Y358WEMU3,4.0
B00IZYIYX8,A105KC5Q9I3AFM,5.0
B00J0G3HJQ,A1070OT6C59GDR,5.0
B00J6W8O6K,A108AVZFCZ3UWD,5.0
B00JH1BBBU,A1027EV8A9PV1O,5.0
B00JVJJCEG,A102L0RVI4LHH3,5.0
B00JZXMTI4,A0284208PB0CNSHI1OC6,5.0
B00K14DM3C,A108J5O7DG2WIM,5.0
B00K73ARN0,A1070OT6C59GDR,5.0
B00K8HNFIO,A104XDJGNKWCWI,5.0
B00KAH2T6Q,A1099Y358WEMU3,5.0
B00KDC8ZCK,A1070OT6C59GDR,4.0
B00KFNMZTG,A0579276Y8S37XMMI539,5.0
B00KGD0628,A108J5O7DG2WIM,5.0
B00KMJSGGE,A102XAY1719I61,4.0
B00KWH5KM4,A1097BZAQ88RQD,5.0
B00KXTDSHK,A10A36O5200LQK,5.0
B00L3OGMDG,A1097BZAQ88RQD,5.0
B00L8HGQ7A,A10BEX8J0MF8HE,5.0
B00L8LSTVM,A0289048PRWFY7ZXQKCD,4.0
B00L8PORXM,A108XABRHAA9E7,4.0
B00LFJHRVU,A103W1P95BXW9T,5.0
B00LHFFQ3I,A108J5O7DG2WIM,5.0
B00LHRAYH4,A0817634JN8YPQ7L8C4V,4.0
B00LK2IWS4,A10063PJ5C9WQQ,5.0
B00LLVQ9OI,A102I8TQ9R7KFY,5.0
B00LMYUG20,A103HXJHUQQXAS,5.0
B00LP92LPC,A107K10JTO8NSH,5.0
B00LV8SASY,A104STAOD80HVD,5.0
B00LX12HUG,A108EEYSHGDL6O,5.0
B00M0QVTOS,A104TBOWU2CH4O,4.0
B00M888WIE,A0817634JN8YPQ7L8C4V,5.0
B00MBPVUEC,A1045NW0WUEBP8,5.0
B00MFLMVHC,A0579276Y8S37XMMI539,5.0
B00MN94ZNE,A102SZ9XZ1CK7Q,5.0
B00MNYKCRM,A1070OT6C59GDR,5.0
B00MR5ZC6S,A1099Y358WEMU3,5.0
B00MRJ68BC,A107XK6EES3FO7,5.0
B00MSSERBA,A10ALOMJECNL2H,5.0
B00MTWUNEU,A10BMHSLDHDLCL,5.0
B00MXCTDTC,A107XK6EES3FO7,5.0
B00N3ZX0ME,A1007NRYNXDJKL,5.0
B00NMBXUXI,A108GOZ37A7B75,5.0
B00NPUZI18,A1007NRYNXDJKL,5.0
B00NYQYFSK,A10BEX8J0MF8HE,4.0
B00O7ZEK7S,A1087KNFOF40VD,5.0
B00O8WGYCY,A107D6W94H1V07,5.0
B00OCDOEH6,A10AKZ1VFMNCT4,5.0
B00OCL6C9G,A1045NW0WUEBP8,5.0
B00OD82HFQ,A1007NRYNXDJKL,5.0
B00ODDFTU6,A1074GBGMK6136,5.0
B00OLY86EI,A1070OT6C59GDR,5.0
B00OMSVVJK,A100UD67AHFODS,5.0
B00OOOPGPC,A1070OT6C59GDR,5.0
B00PHL85XG,A102SZ9XZ1CK7Q,5.0
B00PLXB924,A1007NRYNXDJKL,5.0
B00PNYCZRY,A10ALOMJECNL2H,5.0
B00Q4CVOC6,A103OG69UZTK9,5.0
B00QAAZDQA,A101UQFQCCDI3L,5.0
B00QPRGGCS,A107XK6EES3FO7,5.0
B00QXJGVL4,A10AKZ1VFMNCT4,5.0
B00R5WRWR0,A105KC5Q9I3AFM,5.0
B00RA0B3PO,A103L4TOHGBCXR,5.0
B00RROJT90,A10A36O5200LQK,4.0
B00RT4Z09Q,A104STAOD80HVD,5.0
B00RTBWHGI,A0817634JN8YPQ7L8C4V,5.0
B00RVNFXWY,A0817634JN8YPQ7L8C4V,5.0
B00RZ41UUI,A1016KUT34PNBP,5.0
B00SG0D98G,A107T5GYZZ3ZRP,5.0
B00SHT3MLU,A103OG69UZTK9,5.0
B00SIIA3BC,A10AKZ1VFMNCT4,5.0
B00SJSDCZK,A10BMHSLDHDLCL,5.0
B00SKL40HU,A10BPU9QFBFPB2,5.0
B00SM96SW0,A10BEX8J0MF8HE,5.0
B00SXAPOBO,A0220159ZRNBTRKLG08H,5.0
B00SZXFSME,A10AFVU66A79Y1,5.0
B00TAHVP8A,A0955928C2RRWOWZN7UC,4.0
B00TF1O7BS,A0289048PRWFY7ZXQKCD,4.0
B00THHEBMA,A100UD67AHFODS,5.0
B00TKEKNUO,A1099Y358WEMU3,5.0
B00TKXQ0T8,A1097BZAQ88RQD,4.0
B00TP4TNN2,A1074GBGMK6136,5.0
B00TRYPA5U,A1099Y358WEMU3,5.0
B00UKXE5Z8,A1018D502E27E6,5.0
B00V4AAKKA,A10AARPB3N0GZM,5.0
B00V4J4110,A109KHEJL08HW9,5.0
B00VVCJP6Q,A0955928C2RRWOWZN7UC,4.0
B00VZYR6UC,A107T5GYZZ3ZRP,5.0
B00W8YB8R0,A108AVZFCZ3UWD,5.0
B00WUZSGKE,A108EEYSHGDL6O,4.0
B00X0F53MC,A106TZO4J5G1WQ,5.0
B00X5SB0VC,A1053TBGTIEQ8V,4.0
B00XM9QACS,A10AKZ1VFMNCT4,5.0
B00XSP75XO,A1016KUT34PNBP,5.0
B00Y30J94Q,A105KC5Q9I3AFM,5.0
B00YCSTYC6,A102XAY1719I61,5.0
B00Z2NQHES,A108EEYSHGDL6O,5.0
B00Z5VK0SG,A105KC5Q9I3AFM,5.0
B00ZGA12LK,A108J5O7DG2WIM,5.0
B0105ZAHQQ,A102SZ9XZ1CK7Q,5.0
B011DPQ27A,A108EEYSHGDL6O,5.0
B011ESUXZI,A105KC5Q9I3AFM,5.0
B011Z77P1S,A10ARISO1UMIUN,5.0
B0126W1DBY,A1053TBGTIEQ8V,5.0
B013H2GBHI,A10AKZ1VFMNCT4,5.0
B013N13E0U,A101GFBK6M7TA9,5.0
B013P0IWM4,A1074GBGMK6136,5.0
B013U68GF6,A108EEYSHGDL6O,4.0
B0140L5FZE,A1070OT6C59GDR,5.0
B0143IIP4W,A1099Y358WEMU3,5.0
B014GMT8WI,A0289048PRWFY7ZXQKCD,4.0
B014IJBQ7E,A1097BZAQ88RQD,5.0
B014QUB2E2,A10AKZ1VFMNCT4,5.0
B015E7FB48,A103W1P95BXW9T,5.0
B015IYV3TY,A102SZ9XZ1CK7Q,5.0
B015P9C6KM,A1097BZAQ88RQD,5.0
B015QD2IRI,A10ADBH8H9P880,5.0
B016JCBDCQ,A10AKZ1VFMNCT4,4.0
B016PF9630,A105KC5Q9I3AFM,5.0
B017PT8XRK,A0289048PRWFY7ZXQKCD,4.0
B017V7V40Y,A1099Y358WEMU3,5.0
B018505VPU,A10A36O5200LQK,5.0
B018GG15X0,A103W1P95BXW9T,5.0
B018GLVOK4,A10AKZ1VFMNCT4,5.0
B018V5K7LC,A0289048PRWFY7ZXQKCD,5.0
B018YIK6TO,A102L0RVI4LHH3,5.0
B018Z8VXHW,A1013Q9SD2KIE1,5.0
B019YOT4FO,A10AKZ1VFMNCT4,5.0
B019YOT52Q,A10AKZ1VFMNCT4,5.0
B01A3VT50G,A0817634JN8YPQ7L8C4V,5.0
B01A9V6OI6,A102SZ9XZ1CK7Q,5.0
B01AQB6LF0,A101UQFQCCDI3L,5.0
B01AS34VEO,A0579276Y8S37XMMI539,4.0
B01ASWH67Y,A107D6W94H1V07,4.0
B01AXBZV9K,A108J5O7DG2WIM,5.0
B01BRL5NZ2,A10BPU9QFBFPB2,5.0
B01BXG82WC,A104XDJGNKWCWI,5.0
B01CN8940I,A10AARPB3N0GZM,5.0
B01COTU48M,A10BMHSLDHDLCL,5.0
B01DBR46D0,A103W1P95BXW9T,5.0
B01DEJWMXQ,A105KC5Q9I3AFM,5.0
B01DFWXTD4,A107T5GYZZ3ZRP,5.0
B01DKCTI5M,A107D6W94H1V07,5.0
B01EQC33Z6,A105KC5Q9I3AFM,5.0
B01FC3421C,A107D6W94H1V07,5.0
B01FD7R0ZM,A102L0RVI4LHH3,5.0
B01FG1Q23Q,A0817634JN8YPQ7L8C4V,5.0
B01FUV37JY,A1045NW0WUEBP8,4.0
B01FW73SI6,A102UDLRKSYSK8,5.0
B01FXH5FJ0,A105KC5Q9I3AFM,5.0
B01G15TDEG,A105KC5Q9I3AFM,5.0
B01GDKNVEM,A10B6G6W3DW1EY,5.0
B01GFP8C4Y,A1048HOW441Z1L,5.0
B01GJPG9ZY,A10B6G6W3DW1EY,5.0
